Date de vaccination;18-29 ans;;;30-49 ans;;;50-69 ans;;;70-79 ans;;;80 ans et plus;;
;Au moins une dose;Deux doses;Adéquatement vaccinés;Au moins une dose;Deux doses;Adéquatement vaccinés;Au moins une dose;Deux doses;Adéquatement vaccinés;Au moins une dose;Deux doses;Adéquatement vaccinés;Au moins une dose;Deux doses;Adéquatement vaccinés
2020-12-14;0,0005%;0,0000%;0,0001%;0,0016%;0,0000%;0,0000%;0,0020%;0,0000%;0,0002%;0,0031%;0,0000%;0,0011%;0,0301%;0,0000%;0,0069%
2020-12-15;0,0092%;0,0000%;0,0004%;0,0202%;0,0000%;0,0014%;0,0214%;0,0000%;0,0013%;0,0081%;0,0000%;0,0023%;0,0547%;0,0000%;0,0133%
2020-12-16;0,0202%;0,0000%;0,0013%;0,0393%;0,0000%;0,0029%;0,0387%;0,0000%;0,0023%;0,0096%;0,0000%;0,0024%;0,0549%;0,0000%;0,0136%
2020-12-17;0,0307%;0,0000%;0,0018%;0,0581%;0,0000%;0,0040%;0,0547%;0,0000%;0,0034%;0,0107%;0,0000%;0,0025%;0,0556%;0,0000%;0,0140%
2020-12-18;0,0389%;0,0000%;0,0025%;0,0740%;0,0000%;0,0058%;0,0676%;0,0000%;0,0050%;0,0117%;0,0000%;0,0025%;0,0561%;0,0000%;0,0140%
2020-12-19;0,0475%;0,0000%;0,0029%;0,0886%;0,0000%;0,0071%;0,0797%;0,0000%;0,0063%;0,0135%;0,0000%;0,0025%;0,0563%;0,0000%;0,0140%
2020-12-20;0,0483%;0,0000%;0,0031%;0,0913%;0,0000%;0,0074%;0,0820%;0,0000%;0,0065%;0,0139%;0,0000%;0,0025%;0,0565%;0,0000%;0,0140%
2020-12-21;0,0532%;0,0000%;0,0037%;0,0987%;0,0000%;0,0079%;0,0885%;0,0000%;0,0077%;0,0190%;0,0000%;0,0036%;0,0784%;0,0000%;0,0211%
2020-12-22;0,0650%;0,0000%;0,0044%;0,1216%;0,0000%;0,0099%;0,1151%;0,0000%;0,0114%;0,0404%;0,0000%;0,0090%;0,1785%;0,0000%;0,0499%
2020-12-23;0,1047%;0,0000%;0,0076%;0,1853%;0,0000%;0,0163%;0,1746%;0,0000%;0,0184%;0,0600%;0,0000%;0,0102%;0,2442%;0,0000%;0,0607%
2020-12-24;0,1394%;0,0000%;0,0097%;0,2348%;0,0000%;0,0211%;0,2226%;0,0000%;0,0222%;0,0726%;0,0000%;0,0106%;0,2902%;0,0000%;0,0639%
2020-12-25;0,1398%;0,0000%;0,0097%;0,2349%;0,0000%;0,0211%;0,2227%;0,0000%;0,0222%;0,0727%;0,0000%;0,0106%;0,2907%;0,0000%;0,0639%
2020-12-26;0,1768%;0,0000%;0,0123%;0,2940%;0,0000%;0,0268%;0,2752%;0,0000%;0,0279%;0,0798%;0,0000%;0,0108%;0,3028%;0,0000%;0,0639%
2020-12-27;0,2064%;0,0000%;0,0156%;0,3371%;0,0000%;0,0309%;0,3167%;0,0000%;0,0318%;0,0824%;0,0000%;0,0111%;0,3038%;0,0000%;0,0641%
2020-12-28;0,2348%;0,0000%;0,0179%;0,3873%;0,0000%;0,0366%;0,3616%;0,0000%;0,0376%;0,0856%;0,0000%;0,0112%;0,3086%;0,0000%;0,0646%
2020-12-29;0,2641%;0,0000%;0,0208%;0,4328%;0,0000%;0,0408%;0,4055%;0,0000%;0,0423%;0,0908%;0,0000%;0,0115%;0,3134%;0,0000%;0,0646%
2020-12-30;0,3016%;0,0000%;0,0239%;0,4956%;0,0000%;0,0473%;0,4578%;0,0000%;0,0483%;0,0970%;0,0000%;0,0120%;0,3201%;0,0000%;0,0648%
2020-12-31;0,3070%;0,0000%;0,0243%;0,5025%;0,0000%;0,0474%;0,4653%;0,0000%;0,0485%;0,0987%;0,0000%;0,0120%;0,3203%;0,0000%;0,0648%
2021-01-01;0,3084%;0,0000%;0,0243%;0,5041%;0,0000%;0,0475%;0,4659%;0,0000%;0,0485%;0,0996%;0,0000%;0,0120%;0,3212%;0,0000%;0,0648%
2021-01-02;0,3191%;0,0000%;0,0259%;0,5163%;0,0000%;0,0489%;0,4777%;0,0000%;0,0492%;0,1021%;0,0000%;0,0120%;0,3226%;0,0000%;0,0648%
2021-01-03;0,3477%;0,0000%;0,0289%;0,5494%;0,0000%;0,0517%;0,4999%;0,0000%;0,0504%;0,1051%;0,0000%;0,0121%;0,3235%;0,0000%;0,0648%
2021-01-04;0,3845%;0,0000%;0,0320%;0,6002%;0,0000%;0,0560%;0,5358%;0,0000%;0,0544%;0,1228%;0,0000%;0,0150%;0,3853%;0,0000%;0,0885%
2021-01-05;0,4461%;0,0000%;0,0363%;0,6865%;0,0003%;0,0626%;0,6007%;0,0001%;0,0612%;0,1769%;0,0000%;0,0256%;0,6542%;0,0000%;0,1799%
2021-01-06;0,5595%;0,0001%;0,0428%;0,8428%;0,0007%;0,0731%;0,7312%;0,0006%;0,0723%;0,2696%;0,0000%;0,0400%;1,0468%;0,0000%;0,2743%
2021-01-07;0,6565%;0,0004%;0,0499%;1,0051%;0,0012%;0,0864%;0,8813%;0,0010%;0,0879%;0,4261%;0,0003%;0,0689%;1,8012%;0,0000%;0,4637%
2021-01-08;0,7713%;0,0008%;0,0574%;1,1814%;0,0017%;0,0983%;1,0381%;0,0014%;0,1019%;0,5714%;0,0005%;0,0924%;2,4098%;0,0000%;0,6006%
2021-01-09;0,8600%;0,0009%;0,0630%;1,3219%;0,0020%;0,1067%;1,1479%;0,0016%;0,1086%;0,6518%;0,0005%;0,1067%;2,6720%;0,0000%;0,6760%
2021-01-10;0,9399%;0,0009%;0,0684%;1,4428%;0,0021%;0,1135%;1,2338%;0,0016%;0,1121%;0,7085%;0,0005%;0,1126%;2,8673%;0,0000%;0,7247%
2021-01-11;1,0256%;0,0009%;0,0741%;1,5612%;0,0028%;0,1216%;1,3177%;0,0018%;0,1194%;0,7621%;0,0006%;0,1215%;3,1249%;0,0000%;0,7785%
2021-01-12;1,1214%;0,0012%;0,0809%;1,6963%;0,0034%;0,1307%;1,4167%;0,0019%;0,1254%;0,8305%;0,0008%;0,1262%;3,3255%;0,0000%;0,8035%
2021-01-13;1,2290%;0,0013%;0,0884%;1,8578%;0,0037%;0,1397%;1,5338%;0,0022%;0,1327%;0,8934%;0,0010%;0,1327%;3,5500%;0,0000%;0,8458%
2021-01-14;1,3793%;0,0015%;0,0978%;2,0668%;0,0040%;0,1532%;1,6891%;0,0024%;0,1427%;0,9744%;0,0013%;0,1398%;3,7875%;0,0002%;0,8718%
2021-01-15;1,5295%;0,0021%;0,1085%;2,2806%;0,0048%;0,1655%;1,8471%;0,0037%;0,1526%;1,0388%;0,0017%;0,1430%;3,9231%;0,0005%;0,8883%
2021-01-16;1,6465%;0,0026%;0,1157%;2,4173%;0,0059%;0,1731%;1,9627%;0,0053%;0,1593%;1,1011%;0,0022%;0,1492%;4,1058%;0,0007%;0,9195%
2021-01-17;1,7449%;0,0029%;0,1206%;2,5142%;0,0061%;0,1775%;2,0476%;0,0054%;0,1632%;1,1734%;0,0022%;0,1588%;4,3241%;0,0007%;0,9641%
2021-01-18;1,8484%;0,0038%;0,1262%;2,6415%;0,0068%;0,1848%;2,1722%;0,0061%;0,1699%;1,2964%;0,0028%;0,1734%;4,8385%;0,0011%;1,0340%
2021-01-19;1,9594%;0,0043%;0,1321%;2,7875%;0,0074%;0,1924%;2,3018%;0,0066%;0,1766%;1,4216%;0,0031%;0,1840%;5,2232%;0,0018%;1,0910%
2021-01-20;2,0880%;0,0046%;0,1388%;2,9482%;0,0080%;0,2001%;2,4476%;0,0069%;0,1842%;1,5822%;0,0034%;0,1938%;5,6450%;0,0018%;1,1454%
2021-01-21;2,2448%;0,0053%;0,1479%;3,1582%;0,0095%;0,2115%;2,6327%;0,0084%;0,1931%;1,7398%;0,0042%;0,2016%;6,1029%;0,0021%;1,1888%
2021-01-22;2,3972%;0,0060%;0,1568%;3,3485%;0,0109%;0,2223%;2,7858%;0,0091%;0,2000%;1,8388%;0,0048%;0,2088%;6,4492%;0,0023%;1,2196%
2021-01-23;2,5162%;0,0063%;0,1664%;3,4902%;0,0111%;0,2296%;2,9037%;0,0093%;0,2051%;1,9018%;0,0048%;0,2110%;6,6130%;0,0025%;1,2382%
2021-01-24;2,5324%;0,0064%;0,1673%;3,5140%;0,0115%;0,2310%;2,9372%;0,0095%;0,2062%;1,9402%;0,0053%;0,2133%;6,6852%;0,0025%;1,2470%
2021-01-25;2,5716%;0,0074%;0,1705%;3,5690%;0,0123%;0,2344%;2,9979%;0,0098%;0,2092%;2,0108%;0,0060%;0,2188%;6,8777%;0,0032%;1,2688%
2021-01-26;2,6234%;0,0083%;0,1733%;3,6271%;0,0137%;0,2388%;3,0532%;0,0114%;0,2127%;2,0686%;0,0125%;0,2292%;7,0059%;0,0083%;1,2840%
2021-01-27;2,6601%;0,0087%;0,1754%;3,6699%;0,0149%;0,2415%;3,1042%;0,0137%;0,2169%;2,1251%;0,0197%;0,2412%;7,2013%;0,0126%;1,3115%
2021-01-28;2,7019%;0,0098%;0,1783%;3,7151%;0,0159%;0,2453%;3,1443%;0,0163%;0,2217%;2,1747%;0,0307%;0,2549%;7,3338%;0,0177%;1,3363%
2021-01-29;2,7212%;0,0104%;0,1793%;3,7374%;0,0163%;0,2464%;3,1660%;0,0181%;0,2242%;2,2227%;0,0406%;0,2655%;7,5002%;0,0237%;1,3515%
2021-01-30;2,7295%;0,0107%;0,1798%;3,7474%;0,0165%;0,2469%;3,1760%;0,0206%;0,2268%;2,2308%;0,0480%;0,2733%;7,5041%;0,0319%;1,3598%
2021-01-31;2,7364%;0,0107%;0,1801%;3,7565%;0,0169%;0,2474%;3,1939%;0,0233%;0,2302%;2,2429%;0,0546%;0,2798%;7,5153%;0,0375%;1,3648%
2021-02-01;2,7444%;0,0112%;0,1809%;3,7651%;0,0175%;0,2484%;3,2011%;0,0260%;0,2328%;2,2520%;0,0616%;0,2868%;7,5186%;0,0407%;1,3681%
2021-02-02;2,7490%;0,0119%;0,1816%;3,7689%;0,0182%;0,2492%;3,2082%;0,0298%;0,2367%;2,2774%;0,0787%;0,3043%;7,5905%;0,0496%;1,3802%
2021-02-03;2,7747%;0,0130%;0,1837%;3,8032%;0,0192%;0,2524%;3,2421%;0,0333%;0,2423%;2,3109%;0,0908%;0,3192%;7,8058%;0,0554%;1,4103%
2021-02-04;2,8207%;0,0143%;0,1872%;3,8702%;0,0201%;0,2572%;3,3078%;0,0360%;0,2482%;2,3734%;0,1048%;0,3385%;8,0535%;0,0611%;1,4402%
2021-02-05;2,8744%;0,0154%;0,1900%;3,9342%;0,0208%;0,2614%;3,3707%;0,0390%;0,2545%;2,4237%;0,1211%;0,3577%;8,3202%;0,0701%;1,4698%
2021-02-06;2,9120%;0,0164%;0,1922%;3,9637%;0,0216%;0,2639%;3,4034%;0,0409%;0,2577%;2,4639%;0,1323%;0,3703%;8,5854%;0,0744%;1,4912%
2021-02-07;2,9470%;0,0174%;0,1950%;3,9877%;0,0229%;0,2660%;3,4315%;0,0421%;0,2602%;2,4873%;0,1349%;0,3731%;8,7343%;0,0761%;1,5048%
2021-02-08;2,9668%;0,0204%;0,1989%;4,0116%;0,0253%;0,2697%;3,4713%;0,0463%;0,2662%;2,5582%;0,1490%;0,3883%;9,0286%;0,0827%;1,5183%
2021-02-09;2,9987%;0,0222%;0,2007%;4,0498%;0,0273%;0,2723%;3,5212%;0,0514%;0,2718%;2,6340%;0,1783%;0,4175%;9,1950%;0,0958%;1,5349%
2021-02-10;3,0443%;0,0245%;0,2031%;4,1093%;0,0288%;0,2751%;3,5977%;0,0621%;0,2831%;2,7318%;0,2197%;0,4598%;9,5369%;0,1156%;1,5622%
2021-02-11;3,1060%;0,0281%;0,2083%;4,1760%;0,0332%;0,2816%;3,6892%;0,0737%;0,2965%;2,9163%;0,2675%;0,5134%;10,4169%;0,1298%;1,6261%
2021-02-12;3,1696%;0,0313%;0,2151%;4,2512%;0,0385%;0,2905%;3,7797%;0,0778%;0,3045%;3,0909%;0,2766%;0,5309%;11,3766%;0,1363%;1,6888%
2021-02-13;3,1848%;0,0331%;0,2170%;4,2707%;0,0405%;0,2929%;3,8017%;0,0797%;0,3069%;3,1236%;0,2812%;0,5379%;11,4580%;0,1388%;1,7164%
2021-02-14;3,1925%;0,0340%;0,2179%;4,2812%;0,0409%;0,2932%;3,8161%;0,0806%;0,3078%;3,1414%;0,2842%;0,5408%;11,5104%;0,1399%;1,7175%
2021-02-15;3,2194%;0,0348%;0,2189%;4,3155%;0,0422%;0,2953%;3,8615%;0,0828%;0,3111%;3,1950%;0,2936%;0,5515%;11,6358%;0,1471%;1,7357%
2021-02-16;3,2341%;0,0358%;0,2198%;4,3347%;0,0436%;0,2968%;3,8881%;0,0859%;0,3146%;3,2483%;0,3038%;0,5618%;11,7404%;0,1576%;1,7476%
2021-02-17;3,2547%;0,0371%;0,2210%;4,3594%;0,0451%;0,2984%;3,9222%;0,0889%;0,3184%;3,3127%;0,3162%;0,5765%;11,9026%;0,1666%;1,7665%
2021-02-18;3,3093%;0,0389%;0,2255%;4,4316%;0,0472%;0,3040%;4,0105%;0,0924%;0,3254%;3,5982%;0,3306%;0,5993%;13,0848%;0,1735%;1,8345%
2021-02-19;3,3811%;0,0418%;0,2323%;4,5237%;0,0499%;0,3124%;4,1339%;0,0958%;0,3368%;3,9774%;0,3448%;0,6310%;15,1925%;0,1783%;1,9889%
2021-02-20;3,4365%;0,0428%;0,2367%;4,5874%;0,0514%;0,3187%;4,2237%;0,0976%;0,3431%;4,2887%;0,3479%;0,6461%;17,0047%;0,1804%;2,0670%
2021-02-21;3,4581%;0,0438%;0,2390%;4,6118%;0,0523%;0,3204%;4,2708%;0,0994%;0,3466%;4,5271%;0,3504%;0,6604%;18,1951%;0,1822%;2,1426%
2021-02-22;3,4824%;0,0455%;0,2418%;4,6380%;0,0541%;0,3249%;4,3298%;0,1020%;0,3553%;4,8363%;0,3633%;0,6956%;19,8044%;0,1886%;2,2706%
2021-02-23;3,5043%;0,0470%;0,2448%;4,6644%;0,0552%;0,3271%;4,3827%;0,1052%;0,3615%;5,0862%;0,3768%;0,7187%;21,2917%;0,1976%;2,3770%
2021-02-24;3,5227%;0,0485%;0,2470%;4,6904%;0,0571%;0,3304%;4,4453%;0,1083%;0,3679%;5,3342%;0,3862%;0,7387%;22,5594%;0,2084%;2,4696%
2021-02-25;3,5701%;0,0501%;0,2508%;4,7607%;0,0584%;0,3371%;4,5579%;0,1110%;0,3778%;5,6959%;0,4005%;0,7685%;24,0430%;0,2146%;2,5704%
2021-02-26;3,6574%;0,0515%;0,2586%;4,8657%;0,0603%;0,3485%;4,7107%;0,1139%;0,3902%;6,0846%;0,4084%;0,7925%;25,7038%;0,2176%;2,6555%
2021-02-27;3,7336%;0,0523%;0,2641%;4,9453%;0,0610%;0,3545%;4,8276%;0,1161%;0,3996%;6,3678%;0,4154%;0,8118%;26,9190%;0,2208%;2,7152%
2021-02-28;3,7484%;0,0529%;0,2653%;4,9705%;0,0615%;0,3560%;4,8806%;0,1184%;0,4033%;6,5385%;0,4230%;0,8241%;27,7154%;0,2231%;2,7368%
2021-03-01;3,7760%;0,0538%;0,2675%;5,0042%;0,0620%;0,3590%;4,9458%;0,1210%;0,4079%;7,0050%;0,4314%;0,8406%;30,5269%;0,2268%;2,7855%
2021-03-02;3,7929%;0,0555%;0,2696%;5,0282%;0,0635%;0,3612%;5,0057%;0,1249%;0,4140%;7,5894%;0,4484%;0,8659%;33,0875%;0,2344%;2,8351%
2021-03-03;3,8136%;0,0566%;0,2717%;5,0554%;0,0643%;0,3641%;5,0734%;0,1302%;0,4214%;8,3134%;0,4630%;0,8910%;35,5129%;0,2447%;2,9123%
2021-03-04;3,8511%;0,0579%;0,2757%;5,0997%;0,0652%;0,3676%;5,1572%;0,1329%;0,4281%;9,1832%;0,4728%;0,9116%;37,6930%;0,2495%;2,9583%
2021-03-05;3,9026%;0,0595%;0,2803%;5,1507%;0,0663%;0,3723%;5,2478%;0,1359%;0,4361%;10,1964%;0,4830%;0,9352%;39,6948%;0,2578%;2,9962%
2021-03-06;3,9312%;0,0601%;0,2835%;5,1825%;0,0667%;0,3753%;5,3106%;0,1378%;0,4407%;11,1434%;0,4904%;0,9543%;41,0745%;0,2635%;3,0185%
2021-03-07;3,9474%;0,0613%;0,2857%;5,1975%;0,0671%;0,3764%;5,3639%;0,1395%;0,4443%;12,2795%;0,4952%;0,9727%;42,2432%;0,2668%;3,0334%
2021-03-08;3,9650%;0,0650%;0,2899%;5,2189%;0,0765%;0,3861%;5,4331%;0,1499%;0,4557%;13,4199%;0,5044%;0,9960%;43,5731%;0,2704%;3,0520%
2021-03-09;3,9861%;0,0703%;0,2959%;5,2414%;0,0868%;0,3967%;5,5059%;0,1611%;0,4689%;14,8100%;0,5189%;1,0276%;44,8024%;0,2971%;3,0877%
2021-03-10;4,0136%;0,0756%;0,3028%;5,2712%;0,0964%;0,4083%;5,5971%;0,1737%;0,4841%;16,1088%;0,5428%;1,0691%;46,1952%;0,3440%;3,1486%
2021-03-11;4,0697%;0,0796%;0,3099%;5,3305%;0,1037%;0,4190%;5,7294%;0,1820%;0,4982%;17,9108%;0,5589%;1,1132%;48,6995%;0,3509%;3,1954%
2021-03-12;4,1401%;0,0847%;0,3183%;5,4090%;0,1102%;0,4305%;5,9668%;0,1884%;0,5119%;19,7232%;0,5744%;1,1524%;51,4648%;0,3575%;3,2338%
2021-03-13;4,2107%;0,0853%;0,3232%;5,4777%;0,1111%;0,4358%;6,2644%;0,1907%;0,5221%;21,6731%;0,5812%;1,1837%;53,6538%;0,3614%;3,2591%
2021-03-14;4,2448%;0,0862%;0,3266%;5,5146%;0,1115%;0,4381%;6,5618%;0,1918%;0,5295%;23,4387%;0,5851%;1,2117%;55,1719%;0,3640%;3,2825%
2021-03-15;4,2750%;0,0880%;0,3303%;5,5532%;0,1127%;0,4422%;6,8703%;0,1959%;0,5416%;25,5598%;0,5987%;1,2461%;56,5016%;0,3704%;3,3066%
2021-03-16;4,3031%;0,0899%;0,3336%;5,5874%;0,1138%;0,4454%;7,1870%;0,2006%;0,5520%;27,6845%;0,6145%;1,2823%;57,7640%;0,3759%;3,3259%
2021-03-17;4,3602%;0,0910%;0,3388%;5,6558%;0,1152%;0,4521%;7,4614%;0,2045%;0,5638%;29,2781%;0,6240%;1,3085%;59,3668%;0,3810%;3,3627%
2021-03-18;4,4421%;0,0921%;0,3444%;5,7535%;0,1168%;0,4597%;7,7325%;0,2105%;0,5788%;31,5545%;0,6378%;1,3486%;62,4053%;0,4014%;3,4286%
2021-03-19;4,5263%;0,0936%;0,3512%;5,8545%;0,1182%;0,4688%;8,0044%;0,2143%;0,5921%;33,9038%;0,6446%;1,3801%;65,7163%;0,4049%;3,4884%
2021-03-20;4,5786%;0,0951%;0,3560%;5,9024%;0,1192%;0,4734%;8,2230%;0,2167%;0,6008%;35,7404%;0,6469%;1,4011%;67,5256%;0,4074%;3,5075%
2021-03-21;4,6325%;0,0963%;0,3596%;5,9580%;0,1196%;0,4764%;8,3939%;0,2185%;0,6064%;37,0275%;0,6497%;1,4187%;68,8215%;0,4092%;3,5180%
2021-03-22;4,6677%;0,0970%;0,3620%;6,0444%;0,1209%;0,4820%;8,7844%;0,2225%;0,6207%;38,4455%;0,6580%;1,4455%;69,9400%;0,4157%;3,5399%
2021-03-23;4,7120%;0,0986%;0,3655%;6,1298%;0,1221%;0,4877%;9,3964%;0,2255%;0,6354%;40,1540%;0,6662%;1,4732%;70,8614%;0,4203%;3,5587%
2021-03-24;4,7636%;0,1009%;0,3705%;6,2222%;0,1235%;0,4958%;10,0027%;0,2298%;0,6536%;42,6651%;0,6749%;1,5109%;72,1205%;0,4262%;3,5929%
2021-03-25;4,8396%;0,1032%;0,3767%;6,3401%;0,1254%;0,5047%;10,7412%;0,2342%;0,6714%;45,8193%;0,6829%;1,5472%;74,6570%;0,4306%;3,6320%
2021-03-26;4,9169%;0,1062%;0,3840%;6,4482%;0,1278%;0,5158%;11,5023%;0,2403%;0,6933%;48,8946%;0,6917%;1,5829%;76,9643%;0,4373%;3,6635%
2021-03-27;4,9537%;0,1081%;0,3871%;6,5062%;0,1307%;0,5217%;12,1253%;0,2446%;0,7141%;52,0051%;0,6949%;1,6167%;78,3563%;0,4391%;3,6814%
2021-03-28;4,9887%;0,1095%;0,3906%;6,5605%;0,1318%;0,5250%;12,7106%;0,2503%;0,7319%;54,5149%;0,6972%;1,6439%;79,4128%;0,4398%;3,6936%
2021-03-29;5,0447%;0,1110%;0,3953%;6,6719%;0,1334%;0,5337%;13,4485%;0,2615%;0,7565%;57,1225%;0,7055%;1,6744%;80,3141%;0,4441%;3,7080%
2021-03-30;5,1317%;0,1150%;0,4041%;6,8082%;0,1376%;0,5469%;14,2696%;0,2730%;0,7869%;59,4052%;0,7203%;1,7155%;80,9747%;0,4478%;3,7221%
2021-03-31;5,2081%;0,1195%;0,4139%;6,9287%;0,1420%;0,5612%;15,0411%;0,2833%;0,8156%;61,6602%;0,7317%;1,7506%;81,7934%;0,4545%;3,7404%
2021-04-01;5,2913%;0,1243%;0,4233%;7,0526%;0,1448%;0,5741%;15,9085%;0,2919%;0,8423%;64,4221%;0,7425%;1,7868%;82,8460%;0,4602%;3,7625%
2021-04-02;5,3590%;0,1277%;0,4314%;7,1551%;0,1493%;0,5860%;16,8211%;0,3025%;0,8699%;66,8421%;0,7487%;1,8163%;83,9604%;0,4657%;3,7825%
2021-04-03;5,4091%;0,1309%;0,4383%;7,2232%;0,1525%;0,5936%;17,6468%;0,3082%;0,8932%;69,0738%;0,7521%;1,8456%;84,7136%;0,4676%;3,7910%
2021-04-04;5,4282%;0,1323%;0,4408%;7,2559%;0,1533%;0,5965%;18,1703%;0,3123%;0,9079%;70,1815%;0,7541%;1,8608%;85,0150%;0,4685%;3,7942%
2021-04-05;5,4668%;0,1353%;0,4464%;7,2905%;0,1556%;0,6013%;19,0063%;0,3268%;0,9348%;72,2813%;0,7615%;1,8863%;85,9196%;0,4726%;3,8045%
2021-04-06;5,5251%;0,1562%;0,4702%;7,3500%;0,1774%;0,6274%;20,0015%;0,3675%;0,9904%;74,2763%;0,7881%;1,9357%;86,6140%;0,4942%;3,8349%
2021-04-07;5,6119%;0,1803%;0,5018%;7,4427%;0,2100%;0,6665%;21,0075%;0,4167%;1,0552%;76,4996%;0,8243%;1,9963%;87,3849%;0,5236%;3,8726%
2021-04-08;5,7309%;0,2187%;0,5505%;7,5955%;0,2713%;0,7382%;22,9839%;0,4809%;1,1547%;78,5288%;0,8595%;2,0519%;87,9917%;0,5901%;3,9468%
2021-04-09;5,8632%;0,2576%;0,5976%;7,7901%;0,3222%;0,8000%;25,1934%;0,5347%;1,2482%;80,3612%;0,8813%;2,0956%;88,7270%;0,6015%;3,9684%
2021-04-10;5,9532%;0,2872%;0,6320%;7,9080%;0,3560%;0,8400%;27,0751%;0,5690%;1,3149%;81,8248%;0,8888%;2,1204%;89,3791%;0,6052%;3,9803%
2021-04-11;6,0526%;0,2981%;0,6493%;8,0439%;0,3704%;0,8592%;29,0519%;0,5841%;1,3647%;82,5633%;0,8942%;2,1353%;89,5780%;0,6068%;3,9847%
2021-04-12;6,1825%;0,3168%;0,6769%;8,2539%;0,3869%;0,8861%;31,0183%;0,6081%;1,4286%;83,5247%;0,9116%;2,1627%;89,8641%;0,6353%;4,0178%
2021-04-13;6,4191%;0,3343%;0,7065%;8,5853%;0,4080%;0,9202%;33,3074%;0,6384%;1,4985%;84,2932%;0,9296%;2,1884%;90,1437%;0,7808%;4,1662%
2021-04-14;6,6598%;0,3609%;0,7436%;8,9374%;0,4463%;0,9722%;35,4961%;0,6878%;1,5869%;85,2082%;0,9554%;2,2243%;90,4902%;0,8619%;4,2478%
2021-04-15;6,9719%;0,3996%;0,7949%;9,4092%;0,4924%;1,0384%;37,7301%;0,7396%;1,6826%;86,2913%;0,9749%;2,2585%;91,0139%;0,8924%;4,2864%
2021-04-16;7,3303%;0,4423%;0,8541%;9,9152%;0,5446%;1,1123%;39,7183%;0,7864%;1,7745%;87,4258%;0,9894%;2,2839%;91,4835%;0,9189%;4,3211%
2021-04-17;7,6414%;0,4868%;0,9123%;10,3453%;0,6073%;1,1929%;41,3218%;0,8453%;1,8702%;88,2460%;1,0030%;2,3079%;91,8401%;0,9393%;4,3466%
2021-04-18;7,8663%;0,5085%;0,9438%;10,6666%;0,6349%;1,2326%;42,4838%;0,8705%;1,9197%;88,6403%;1,0094%;2,3188%;91,9925%;0,9409%;4,3512%
2021-04-19;8,1689%;0,5335%;0,9800%;11,1414%;0,6690%;1,2843%;43,7805%;0,9142%;1,9899%;89,0327%;1,0300%;2,3435%;92,1386%;0,9666%;4,3741%
2021-04-20;8,5301%;0,5713%;1,0307%;11,7127%;0,7166%;1,3505%;45,2747%;0,9676%;2,0723%;89,2973%;1,0580%;2,3731%;92,2641%;1,0746%;4,4835%
2021-04-21;8,9571%;0,6228%;1,0996%;12,8338%;0,7894%;1,4573%;47,4616%;1,0388%;2,1899%;89,7987%;1,1076%;2,4271%;92,4412%;1,2334%;4,6409%
2021-04-22;9,4697%;0,6687%;1,1697%;13,9414%;0,8525%;1,5591%;49,6934%;1,1034%;2,3022%;90,3937%;1,1486%;2,4715%;92,6526%;1,3315%;4,7388%
2021-04-23;9,8881%;0,7043%;1,2228%;15,0359%;0,8950%;1,6362%;51,7809%;1,1539%;2,3981%;90,8831%;1,2171%;2,5420%;92,9051%;1,5785%;4,9722%
2021-04-24;10,1791%;0,7448%;1,2724%;15,7764%;0,9448%;1,7067%;53,4170%;1,2006%;2,4800%;91,3551%;1,2413%;2,5695%;93,1168%;1,6773%;5,0692%
2021-04-25;10,3849%;0,7652%;1,2983%;16,3006%;0,9710%;1,7474%;54,4823%;1,2286%;2,5312%;91,5894%;1,2629%;2,5925%;93,1813%;1,7759%;5,1639%
2021-04-26;10,7045%;0,8107%;1,3563%;16,9598%;1,0306%;1,8293%;55,4881%;1,2944%;2,6183%;91,7870%;1,3253%;2,6556%;93,2707%;2,0799%;5,4433%
2021-04-27;11,0340%;0,8762%;1,4320%;17,6897%;1,1205%;1,9394%;56,5202%;1,3828%;2,7289%;91,9726%;1,4112%;2,7350%;93,3764%;2,4627%;5,7737%
2021-04-28;11,4017%;0,9867%;1,5530%;18,4639%;1,2671%;2,1061%;58,1417%;1,5152%;2,8883%;92,2944%;1,5163%;2,8350%;93,5048%;2,8294%;6,0818%
2021-04-29;11,8095%;1,0862%;1,6642%;19,1962%;1,4085%;2,2706%;59,4702%;1,6310%;3,0289%;92,7242%;1,6148%;2,9260%;93,6496%;3,2627%;6,4446%
2021-04-30;12,2121%;1,2178%;1,8102%;19,9064%;1,5902%;2,4749%;60,7486%;1,7784%;3,2005%;93,0814%;1,7236%;3,0289%;93,7741%;3,7163%;6,8336%
2021-05-01;12,5703%;1,3122%;1,9190%;20,4558%;1,7099%;2,6137%;61,8395%;1,8723%;3,3185%;93,2568%;1,7879%;3,0895%;93,8352%;4,0329%;7,1128%
2021-05-02;12,8435%;1,3624%;1,9781%;20,8713%;1,7881%;2,7048%;62,7610%;1,9308%;3,3973%;93,3269%;1,8264%;3,1251%;93,8729%;4,1933%;7,2463%
2021-05-03;13,1414%;1,4954%;2,1193%;21,4505%;1,9714%;2,9016%;63,7467%;2,0860%;3,5725%;93,4170%;1,9937%;3,2859%;93,9320%;4,7475%;7,7667%
2021-05-04;13,5603%;1,5860%;2,2239%;22,2142%;2,1020%;3,0530%;64,8324%;2,2137%;3,7242%;93,5334%;2,1417%;3,4268%;94,0145%;5,2006%;8,1946%
2021-05-05;14,0797%;1,7073%;2,3630%;23,3406%;2,2676%;3,2475%;66,4364%;2,3635%;3,9095%;93,7039%;2,2615%;3,5439%;94,1174%;5,7372%;8,6961%
2021-05-06;14,7019%;1,8621%;2,5352%;25,0654%;2,4621%;3,4876%;68,4512%;2,5366%;4,1289%;93,8942%;2,3650%;3,6466%;94,2364%;6,1218%;9,0576%
2021-05-07;15,2811%;2,0086%;2,7002%;26,5188%;2,6732%;3,7360%;70,1635%;2,6959%;4,3309%;94,0489%;2,4537%;3,7319%;94,3157%;6,5140%;9,4192%
2021-05-08;15,7893%;2,1113%;2,8178%;27,7753%;2,7956%;3,8921%;71,6917%;2,7929%;4,4725%;94,1505%;2,4907%;3,7710%;94,3596%;6,6105%;9,5153%
2021-05-09;16,1598%;2,1626%;2,8817%;28,9860%;2,8579%;3,9851%;72,9029%;2,8414%;4,5573%;94,2257%;2,5177%;3,7981%;94,3924%;6,6250%;9,5316%
2021-05-10;16,4715%;2,2578%;2,9877%;30,2964%;2,9741%;4,1338%;73,7786%;2,9704%;4,7113%;94,2834%;2,6470%;3,9276%;94,4361%;7,0551%;9,9599%
2021-05-11;16,8713%;2,3432%;3,0866%;31,9470%;3,0803%;4,2832%;74,8187%;3,0904%;4,8611%;94,3822%;2,8033%;4,0838%;94,5096%;7,5613%;10,4576%
2021-05-12;17,6273%;2,4859%;3,2528%;33,9337%;3,2622%;4,5207%;76,0459%;3,2820%;5,0851%;94,5233%;3,0690%;4,3473%;94,5999%;8,1026%;10,9916%
2021-05-13;18,5755%;2,6293%;3,4242%;36,4509%;3,4705%;4,7957%;77,3379%;3,4973%;5,3322%;94,6696%;3,2551%;4,5326%;94,6801%;8,7625%;11,6333%
2021-05-14;19,8698%;2,7585%;3,5948%;38,4063%;3,6445%;5,0283%;78,5875%;3,6694%;5,5430%;94,7756%;3,4329%;4,7091%;94,7493%;9,4647%;12,3256%
2021-05-15;21,1258%;2,8517%;3,7202%;40,3638%;3,7476%;5,1904%;79,7241%;3,7645%;5,6751%;94,8708%;3,4856%;4,7633%;94,7961%;9,5527%;12,4143%
2021-05-16;22,0662%;2,8865%;3,7847%;42,2283%;3,7826%;5,2783%;80,4508%;3,8060%;5,7395%;94,9392%;3,5387%;4,8172%;94,8304%;9,7508%;12,6091%
2021-05-17;23,4097%;2,9606%;3,8973%;43,6243%;3,8793%;5,4188%;80,9763%;3,9220%;5,8692%;94,9930%;3,7745%;5,0478%;94,8722%;11,0453%;13,8715%
2021-05-18;24,6823%;3,0029%;3,9856%;45,2389%;3,9327%;5,5180%;81,4165%;4,0120%;5,9726%;95,0635%;4,0488%;5,3199%;94,9292%;12,3858%;15,1964%
2021-05-19;26,1238%;3,0672%;4,0951%;47,2625%;4,0080%;5,6467%;82,0687%;4,1287%;6,1072%;95,1519%;4,3916%;5,6607%;94,9910%;14,0294%;16,8080%
2021-05-20;28,0084%;3,1578%;4,2446%;49,7241%;4,1168%;5,8227%;82,7638%;4,2760%;6,2718%;95,2447%;4,7115%;5,9768%;95,0650%;15,5594%;18,2854%
2021-05-21;29,5282%;3,2295%;4,3613%;51,8618%;4,2202%;5,9921%;83,3995%;4,4072%;6,4195%;95,3082%;5,0409%;6,3021%;95,1178%;17,1462%;19,8511%
2021-05-22;31,1221%;3,2733%;4,4558%;53,8339%;4,2623%;6,0934%;84,0572%;4,4690%;6,5048%;95,3718%;5,1402%;6,4027%;95,1576%;17,5283%;20,2235%
2021-05-23;32,7552%;3,2997%;4,5364%;55,3088%;4,2866%;6,1619%;84,4253%;4,5233%;6,5729%;95,4157%;5,2555%;6,5176%;95,1865%;18,0598%;20,7469%
2021-05-24;33,8600%;3,3403%;4,6109%;56,2233%;4,3258%;6,2309%;84,6420%;4,6054%;6,6619%;95,4560%;5,6015%;6,8587%;95,2198%;19,3444%;22,0017%
2021-05-25;35,2500%;3,4204%;4,7358%;57,2274%;4,4153%;6,3479%;84,8683%;4,7209%;6,7827%;95,5007%;5,9265%;7,1781%;95,2672%;21,0555%;23,6664%
2021-05-26;37,2213%;3,5176%;4,9008%;58,7333%;4,5317%;6,5075%;85,2624%;4,8785%;6,9517%;95,5797%;6,2845%;7,5330%;95,3338%;22,6938%;25,2615%
2021-05-27;39,6952%;3,6083%;5,0781%;60,4367%;4,6521%;6,6790%;85,6945%;5,0544%;7,1395%;95,6658%;6,6585%;7,9064%;95,4030%;24,1907%;26,7359%
2021-05-28;41,8669%;3,7018%;5,2512%;62,1976%;4,7596%;6,8484%;86,1464%;5,2119%;7,3134%;95,7286%;6,9691%;8,2144%;95,4482%;25,2679%;27,7784%
2021-05-29;43,8329%;3,7507%;5,3605%;63,6615%;4,8122%;6,9490%;86,5238%;5,4852%;7,6038%;95,7812%;8,3242%;9,5655%;95,4790%;25,7693%;28,2703%
2021-05-30;45,6503%;3,7835%;5,4574%;64,6939%;4,8626%;7,0375%;86,7885%;5,7067%;7,8399%;95,8208%;9,2982%;10,5365%;95,5020%;26,1422%;28,6421%
2021-05-31;47,2380%;3,8365%;5,5712%;65,5324%;4,9486%;7,1530%;87,0119%;6,0438%;8,1829%;95,8706%;10,6005%;11,8353%;95,5362%;27,1594%;29,6432%
2021-06-01;49,0824%;3,9147%;5,7127%;66,1956%;5,0401%;7,2681%;87,2535%;6,2993%;8,4461%;95,9295%;11,5611%;12,7928%;95,5815%;28,0890%;30,5674%
2021-06-02;51,4992%;4,0081%;5,8931%;66,9735%;5,1758%;7,4325%;87,5510%;6,6358%;8,7903%;96,0099%;12,3982%;13,6269%;95,6350%;28,9318%;31,4012%
2021-06-03;54,3321%;4,1253%;6,1188%;67,8317%;5,3193%;7,6115%;87,8740%;7,0369%;9,2018%;96,0960%;13,1238%;14,3497%;95,6996%;29,7540%;32,2139%
2021-06-04;56,6729%;4,2473%;6,3351%;68,7200%;5,4536%;7,7872%;88,1841%;7,4083%;9,5863%;96,1601%;13,8504%;15,0727%;95,7375%;30,7592%;33,2051%
2021-06-05;59,0205%;4,2961%;6,4652%;69,5108%;5,5051%;7,8727%;88,4527%;7,6475%;9,8384%;96,2023%;14,3502%;15,5715%;95,7642%;31,4956%;33,9390%
2021-06-06;60,6676%;4,3337%;6,5654%;70,0852%;5,5524%;7,9442%;88,6525%;7,8630%;10,0646%;96,2449%;14,9328%;16,1544%;95,7897%;32,1721%;34,6125%
2021-06-07;61,5861%;4,4162%;6,6838%;70,3973%;5,6642%;8,0696%;88,7737%;8,1994%;10,4040%;96,2744%;15,8591%;17,0758%;95,8115%;35,0745%;37,5025%
2021-06-08;62,3084%;4,5138%;6,8078%;70,6379%;5,8032%;8,2167%;88,8677%;8,5891%;10,7945%;96,3054%;17,5467%;18,7556%;95,8347%;37,9818%;40,4032%
2021-06-09;62,9500%;4,6642%;6,9822%;70,8951%;5,9927%;8,4135%;88,9720%;9,1612%;11,3652%;96,3366%;21,0759%;22,2687%;95,8611%;40,9489%;43,3536%
2021-06-10;63,5818%;4,8151%;7,1565%;71,1495%;6,1945%;8,6231%;89,0681%;10,1150%;12,3138%;96,3643%;24,4383%;25,6137%;95,8816%;43,1016%;45,4896%
2021-06-11;64,2101%;4,9486%;7,3109%;71,4408%;6,3871%;8,8287%;89,1789%;11,4772%;13,6704%;96,3907%;27,9621%;29,1226%;95,9004%;45,2837%;47,6579%
2021-06-12;65,0307%;5,0331%;7,4277%;71,8494%;6,5064%;8,9690%;89,3537%;12,6993%;14,8982%;96,4296%;31,1927%;32,3420%;95,9257%;47,1044%;49,4720%
2021-06-13;65,6165%;5,1102%;7,5339%;72,1214%;6,6126%;9,0928%;89,4593%;13,8116%;16,0121%;96,4576%;34,0024%;35,1391%;95,9416%;48,5157%;50,8786%
2021-06-14;65,9833%;5,2494%;7,6880%;72,2891%;6,8130%;9,3005%;89,5306%;15,4854%;17,6761%;96,4826%;36,6383%;37,7630%;95,9613%;49,8601%;52,2157%
2021-06-15;66,3000%;5,4395%;7,8855%;72,4309%;7,0968%;9,5846%;89,5943%;17,2446%;19,4207%;96,5042%;38,6978%;39,8118%;95,9792%;51,4064%;53,7522%
2021-06-16;66,6024%;5,6505%;8,1038%;72,5770%;7,5143%;10,0021%;89,6648%;19,1382%;21,2994%;96,5323%;41,0917%;42,1880%;96,0100%;53,4286%;55,7615%
2021-06-17;66,8973%;5,8693%;8,3257%;72,7282%;8,1081%;10,5939%;89,7318%;21,0495%;23,1964%;96,5564%;43,4635%;44,5480%;96,0286%;55,1593%;57,4765%
2021-06-18;67,1835%;6,0762%;8,5396%;72,8990%;8,7383%;11,2245%;89,8062%;22,8231%;24,9561%;96,5760%;45,3762%;46,4494%;96,0479%;56,5914%;58,8986%
2021-06-19;67,4598%;6,1796%;8,6507%;73,0626%;9,0739%;11,5652%;89,8832%;24,1778%;26,3059%;96,5964%;47,3470%;48,4141%;96,0613%;58,0882%;60,3868%
2021-06-20;67,6295%;6,2662%;8,7423%;73,1665%;9,3739%;11,8699%;89,9297%;25,3441%;27,4667%;96,6087%;48,9003%;49,9603%;96,0698%;59,2168%;61,5088%
2021-06-21;67,8349%;6,4589%;8,9368%;73,2814%;9,8836%;12,3792%;89,9785%;26,9599%;29,0700%;96,6235%;51,2510%;52,2976%;96,0875%;61,7528%;64,0245%
2021-06-22;68,0417%;6,7251%;9,2069%;73,4034%;10,4181%;12,9132%;90,0290%;28,7068%;30,8027%;96,6444%;54,2817%;55,3099%;96,1056%;65,0923%;67,3472%
2021-06-23;68,2673%;7,1619%;9,6414%;73,5394%;11,0859%;13,5735%;90,0901%;30,7963%;32,8703%;96,6683%;58,1342%;59,1409%;96,1258%;68,6831%;70,9126%
2021-06-24;68,4041%;7,4159%;9,8953%;73,6128%;11,5081%;13,9926%;90,1226%;31,9272%;33,9894%;96,6769%;60,7386%;61,7324%;96,1343%;70,2516%;72,4686%
2021-06-25;68,6107%;7,9202%;10,3965%;73,7420%;12,2702%;14,7460%;90,1855%;34,3183%;36,3562%;96,6985%;63,9677%;64,9399%;96,1474%;72,1812%;74,3805%
2021-06-26;68,8321%;8,3177%;10,7946%;73,8781%;12,9443%;15,4158%;90,2463%;36,3777%;38,3948%;96,7129%;66,1928%;67,1444%;96,1580%;73,6384%;75,8260%
2021-06-27;68,9728%;8,6749%;11,1485%;73,9720%;13,5629%;16,0275%;90,2891%;38,0097%;40,0043%;96,7274%;67,8447%;68,7795%;96,1635%;74,5940%;76,7750%
2021-06-28;69,1537%;9,2480%;11,7138%;74,0946%;14,4935%;16,9443%;90,3448%;40,3153%;42,2780%;96,7474%;69,8838%;70,7978%;96,1794%;75,8446%;78,0100%
2021-06-29;69,3323%;9,9383%;12,3925%;74,2172%;15,5857%;18,0184%;90,4034%;42,5504%;44,4805%;96,7682%;71,5542%;72,4468%;96,2026%;76,8791%;79,0304%
2021-06-30;69,5366%;10,6831%;13,1275%;74,3506%;16,8472%;19,2587%;90,4712%;45,2185%;47,1107%;96,7924%;73,6340%;74,4957%;96,2269%;77,9948%;80,1296%
2021-07-01;69,6832%;11,2367%;13,6798%;74,4482%;17,8748%;20,2706%;90,5211%;47,0425%;48,9080%;96,8093%;75,0881%;75,9286%;96,2444%;78,9989%;81,1257%
2021-07-02;69,8515%;11,9169%;14,3550%;74,5701%;19,1060%;21,4858%;90,5813%;49,2523%;51,0855%;96,8287%;76,4236%;77,2469%;96,2566%;80,0219%;82,1369%
2021-07-03;70,0124%;12,4080%;14,8464%;74,6723%;20,0128%;22,3819%;90,6350%;50,9632%;52,7733%;96,8444%;77,5035%;78,3121%;96,2655%;80,8718%;82,9774%
2021-07-04;70,1192%;12,8694%;15,3066%;74,7431%;21,0002%;23,3595%;90,6701%;52,3146%;54,1050%;96,8549%;78,3218%;79,1196%;96,2729%;81,4593%;83,5597%
2021-07-05;70,2664%;13,5488%;15,9807%;74,8468%;22,2908%;24,6343%;90,7210%;54,2360%;55,9978%;96,8712%;79,3885%;80,1720%;96,2832%;82,1068%;84,1977%
2021-07-06;70,4247%;14,5356%;16,9558%;74,9498%;23,7953%;26,1119%;90,7695%;56,1669%;57,8935%;96,8894%;80,4137%;81,1818%;96,2970%;82,7352%;84,8163%
2021-07-07;70,6007%;15,7969%;18,1968%;75,0747%;25,5554%;27,8437%;90,8258%;58,0723%;59,7681%;96,9095%;81,2712%;82,0264%;96,3147%;83,3839%;85,4571%
2021-07-08;70,7640%;17,1152%;19,4986%;75,1962%;27,4685%;29,7260%;90,8807%;59,9888%;61,6535%;96,9275%;82,2368%;82,9790%;96,3324%;84,3025%;86,3675%
2021-07-09;70,9309%;18,4011%;20,7661%;75,3240%;29,2290%;31,4574%;90,9451%;61,7571%;63,3821%;96,9458%;83,0731%;83,8037%;96,3464%;85,2457%;87,3010%
2021-07-10;71,0744%;19,3673%;21,7210%;75,4313%;30,4373%;32,6480%;90,9976%;63,1164%;64,7176%;96,9612%;83,6409%;84,3623%;96,3570%;85,7958%;87,8447%
2021-07-11;71,1841%;20,1885%;22,5330%;75,5135%;31,4472%;33,6433%;91,0366%;64,0784%;65,6637%;96,9713%;84,0773%;84,7914%;96,3636%;86,1786%;88,2235%
2021-07-12;71,3369%;21,4442%;23,7698%;75,6089%;32,9129%;35,0817%;91,0839%;65,2031%;66,7653%;96,9887%;84,5844%;85,2882%;96,3793%;86,5821%;88,6204%
2021-07-13;71,5152%;22,9355%;25,2321%;75,7375%;34,5029%;36,6469%;91,1460%;66,1853%;67,7210%;97,0116%;85,0969%;85,7899%;96,3933%;86,9067%;88,9365%
2021-07-14;71,6826%;24,5129%;26,7812%;75,8510%;36,2276%;38,3392%;91,2016%;67,3676%;68,8731%;97,0335%;85,7742%;86,4491%;96,4110%;87,3120%;89,3324%
2021-07-15;71,8749%;26,0281%;28,2728%;75,9824%;37,8497%;39,9309%;91,2642%;68,4914%;69,9681%;97,0579%;86,4823%;87,1431%;96,4310%;87,9228%;89,9289%
2021-07-16;72,0433%;27,4938%;29,7132%;76,1118%;39,5210%;41,5701%;91,3244%;69,6711%;71,1170%;97,0765%;87,1002%;87,7497%;96,4450%;88,4251%;90,4222%
2021-07-17;72,1723%;28,5540%;30,7558%;76,2013%;40,6621%;42,6896%;91,3699%;70,5336%;71,9563%;97,0891%;87,5976%;88,2380%;96,4535%;88,7369%;90,7294%
2021-07-18;72,2666%;29,3508%;31,5385%;76,2611%;41,5394%;43,5518%;91,3996%;71,0837%;72,4923%;97,0962%;87,9712%;88,6047%;96,4588%;88,9770%;90,9672%
2021-07-19;72,4040%;30,6456%;32,8067%;76,3587%;42,9330%;44,9195%;91,4468%;71,8811%;73,2663%;97,1119%;88,5226%;89,1442%;96,4698%;89,2791%;91,2641%
2021-07-20;72,5650%;32,2014%;34,3319%;76,4760%;44,6286%;46,5813%;91,5019%;72,8964%;74,2497%;97,1325%;89,0507%;89,6593%;96,4843%;89,5413%;91,5148%
2021-07-21;72,7356%;33,8901%;35,9825%;76,5969%;46,3539%;48,2723%;91,5612%;73,9204%;75,2446%;97,1548%;89,5562%;90,1512%;96,4988%;89,8225%;91,7848%
2021-07-22;72,9017%;35,3794%;37,4407%;76,7220%;47,8794%;49,7653%;91,6204%;74,8461%;76,1427%;97,1796%;90,1089%;90,6895%;96,5164%;90,1201%;92,0729%
2021-07-23;73,0620%;36,8089%;38,8389%;76,8426%;49,5157%;51,3669%;91,6788%;75,7722%;77,0365%;97,2006%;90,5826%;91,1545%;96,5318%;90,4009%;92,3472%
2021-07-24;73,1752%;37,9575%;39,9722%;76,9294%;50,7219%;52,5498%;91,7199%;76,4486%;77,6910%;97,2121%;90,9224%;91,4886%;96,5396%;90,5805%;92,5233%
2021-07-25;73,2625%;38,8884%;40,8873%;77,0008%;51,6072%;53,4164%;91,7502%;76,9169%;78,1433%;97,2220%;91,1215%;91,6826%;96,5452%;90,6669%;92,6073%
2021-07-26;73,3960%;40,1773%;42,1480%;77,1050%;52,7729%;54,5584%;91,8010%;77,5410%;78,7462%;97,2386%;91,4840%;92,0364%;96,5573%;90,8845%;92,8192%
2021-07-27;73,5453%;41,4498%;43,3916%;77,2179%;53,8560%;55,6184%;91,8531%;78,1708%;79,3555%;97,2552%;91,8136%;92,3585%;96,5716%;91,0964%;93,0223%
2021-07-28;73,6975%;42,7322%;44,6484%;77,3351%;54,8856%;56,6240%;91,9053%;78,7566%;79,9238%;97,2745%;92,1587%;92,6966%;96,5877%;91,2905%;93,2100%
2021-07-29;73,8468%;43,9942%;45,8854%;77,4496%;55,8478%;57,5642%;91,9551%;79,3348%;80,4824%;97,2956%;92,4836%;93,0144%;96,6031%;91,4613%;93,3736%
2021-07-30;73,9976%;45,3908%;47,2525%;77,5683%;57,0428%;58,7251%;92,0117%;80,0210%;81,1423%;97,3137%;92,7642%;93,2868%;96,6173%;91,6122%;93,5209%
2021-07-31;74,1153%;46,5004%;48,3431%;77,6592%;57,8709%;59,5313%;92,0505%;80,5455%;81,6463%;97,3262%;92,9810%;93,4962%;96,6235%;91,7165%;93,6225%
2021-08-01;74,2015%;47,2454%;49,0754%;77,7225%;58,3534%;60,0004%;92,0778%;80,8971%;81,9853%;97,3346%;93,1131%;93,6254%;96,6279%;91,7756%;93,6806%
2021-08-02;74,3304%;48,1127%;49,9194%;77,8202%;59,0032%;60,6311%;92,1202%;81,3160%;82,3880%;97,3495%;93,3134%;93,8208%;96,6373%;91,8677%;93,7677%
2021-08-03;74,4661%;48,9359%;50,7210%;77,9168%;59,6388%;61,2513%;92,1664%;81,7368%;82,7941%;97,3667%;93,4864%;93,9907%;96,6511%;91,9571%;93,8541%
2021-08-04;74,5953%;49,7386%;51,5051%;78,0147%;60,2552%;61,8463%;92,2128%;82,1481%;83,1874%;97,3840%;93,6638%;94,1630%;96,6642%;92,0630%;93,9501%
2021-08-05;74,7702%;50,5814%;52,3304%;78,1492%;60,9425%;62,5101%;92,2730%;82,5965%;83,6184%;97,4072%;93,8440%;94,3354%;96,6842%;92,1772%;94,0563%
2021-08-06;74,9819%;51,4926%;53,2180%;78,3152%;61,7682%;63,3059%;92,3409%;83,0919%;84,0894%;97,4297%;94,0172%;94,5030%;96,7019%;92,2808%;94,1544%
2021-08-07;75,1405%;52,2710%;53,9836%;78,4302%;62,3975%;63,9145%;92,3929%;83,5022%;84,4813%;97,4436%;94,1558%;94,6364%;96,7097%;92,3585%;94,2291%
2021-08-08;75,2454%;52,7577%;54,4573%;78,5098%;62,7568%;64,2604%;92,4209%;83,7482%;84,7148%;97,4512%;94,2349%;94,7124%;96,7161%;92,3994%;94,2691%
2021-08-09;75,4059%;53,4426%;55,1217%;78,6191%;63,2815%;64,7637%;92,4684%;84,0481%;84,9996%;97,4694%;94,3370%;94,8102%;96,7283%;92,4603%;94,3233%
2021-08-10;75,5884%;54,0338%;55,7013%;78,7426%;63,7332%;65,2004%;92,5207%;84,3283%;85,2662%;97,4899%;94,4338%;94,9019%;96,7453%;92,5180%;94,3775%
2021-08-11;75,8309%;54,6791%;56,3334%;78,8996%;64,2447%;65,6940%;92,5870%;84,6510%;85,5744%;97,5184%;94,5492%;95,0128%;96,7697%;92,5972%;94,4524%
2021-08-12;76,0942%;55,3909%;57,0323%;79,0872%;64,8144%;66,2452%;92,6627%;85,0263%;85,9312%;97,5476%;94,6830%;95,1421%;96,7887%;92,6841%;94,5301%
2021-08-13;76,3466%;56,4756%;58,0949%;79,2568%;65,5711%;66,9786%;92,7319%;85,4515%;86,3358%;97,5699%;94,8045%;95,2593%;96,8016%;92,7792%;94,6183%
2021-08-14;76,5342%;57,4994%;59,0992%;79,3919%;66,1938%;67,5836%;92,7848%;85,8167%;86,6837%;97,5863%;94,8999%;95,3510%;96,8066%;92,8362%;94,6730%
2021-08-15;76,6875%;58,2221%;59,8083%;79,4856%;66,6119%;67,9886%;92,8209%;86,0470%;86,9040%;97,5982%;94,9546%;95,4043%;96,8126%;92,8663%;94,7006%
2021-08-16;76,8803%;58,9829%;60,5466%;79,6168%;67,0757%;68,4361%;92,8707%;86,2951%;87,1399%;97,6176%;95,0346%;95,4821%;96,8273%;92,9242%;94,7509%
2021-08-17;77,0706%;59,6982%;61,2444%;79,7419%;67,5525%;68,8955%;92,9218%;86,5469%;87,3780%;97,6365%;95,1237%;95,5676%;96,8397%;92,9821%;94,8033%
2021-08-18;77,2689%;60,3813%;61,9087%;79,8702%;68,0216%;69,3500%;92,9760%;86,8415%;87,6589%;97,6583%;95,2225%;95,6635%;96,8570%;93,0577%;94,8674%
2021-08-19;77,4668%;60,9976%;62,5098%;80,0080%;68,4657%;69,7798%;93,0306%;87,1084%;87,9126%;97,6802%;95,3214%;95,7591%;96,8742%;93,1190%;94,9234%
2021-08-20;77,6715%;61,7477%;63,2416%;80,1528%;69,0508%;70,3394%;93,0880%;87,4291%;88,2166%;97,6995%;95,4170%;95,8499%;96,8882%;93,1763%;94,9749%
2021-08-21;77,8231%;62,4503%;63,9233%;80,2557%;69,5278%;70,7986%;93,1275%;87,7035%;88,4753%;97,7124%;95,4748%;95,9060%;96,8956%;93,2126%;95,0087%
2021-08-22;77,9241%;62,9390%;64,3993%;80,3202%;69,8563%;71,1117%;93,1517%;87,8786%;88,6396%;97,7182%;95,5164%;95,9454%;96,9004%;93,2378%;95,0326%
2021-08-23;78,0938%;63,4547%;64,8980%;80,4256%;70,2349%;71,4736%;93,1918%;88,0772%;88,8281%;97,7334%;95,5708%;95,9960%;96,9114%;93,2753%;95,0675%
2021-08-24;78,2553%;63,8978%;65,3277%;80,5221%;70,5441%;71,7700%;93,2299%;88,2587%;88,9992%;97,7475%;95,6299%;96,0523%;96,9259%;93,3217%;95,1105%
2021-08-25;78,4678%;64,3984%;65,8153%;80,6589%;70,8990%;72,1120%;93,2780%;88,4693%;89,1993%;97,7713%;95,6941%;96,1125%;96,9466%;93,3775%;95,1619%
2021-08-26;78,7090%;64,9123%;66,3159%;80,8165%;71,2805%;72,4835%;93,3405%;88,7117%;89,4313%;97,7925%;95,7718%;96,1859%;96,9659%;93,4387%;95,2182%
2021-08-27;78,9462%;65,4539%;66,8460%;80,9813%;71,7351%;72,9176%;93,4009%;88,9719%;89,6757%;97,8112%;95,8376%;96,2497%;96,9790%;93,4874%;95,2612%
2021-08-28;79,1113%;65,9797%;67,3570%;81,0994%;72,1242%;73,2897%;93,4458%;89,2007%;89,8912%;97,8223%;95,8813%;96,2921%;96,9879%;93,5241%;95,2959%
2021-08-29;79,2304%;66,3315%;67,6994%;81,1789%;72,3615%;73,5191%;93,4725%;89,3317%;90,0146%;97,8309%;95,9102%;96,3189%;96,9948%;93,5441%;95,3152%
2021-08-30;79,4048%;66,7398%;68,0982%;81,2871%;72,6412%;73,7887%;93,5099%;89,4696%;90,1459%;97,8447%;95,9486%;96,3556%;97,0047%;93,5756%;95,3439%
2021-08-31;79,6205%;67,1806%;68,5364%;81,4131%;72,9523%;74,0900%;93,5571%;89,6277%;90,2955%;97,8625%;95,9934%;96,3965%;97,0169%;93,6151%;95,3791%
2021-09-01;79,8238%;67,5619%;68,9156%;81,5338%;73,1832%;74,3154%;93,5992%;89,7330%;90,3967%;97,8786%;96,0254%;96,4258%;97,0286%;93,6425%;95,4032%
2021-09-02;80,0632%;68,0333%;69,3826%;81,6799%;73,4797%;74,6044%;93,6521%;89,8725%;90,5299%;97,8982%;96,0763%;96,4747%;97,0454%;93,6822%;95,4388%
2021-09-03;80,2894%;68,4724%;69,8249%;81,8243%;73,7948%;74,9110%;93,7043%;90,0144%;90,6632%;97,9165%;96,1208%;96,5168%;97,0601%;93,7282%;95,4714%
2021-09-04;80,4536%;68,8577%;70,2089%;81,9269%;74,0645%;75,1735%;93,7460%;90,1440%;90,7846%;97,9282%;96,1547%;96,5494%;97,0661%;93,7525%;95,4933%
2021-09-05;80,5668%;69,0781%;70,4319%;81,9901%;74,2020%;75,3082%;93,7683%;90,2015%;90,8396%;97,9343%;96,1698%;96,5640%;97,0693%;93,7633%;95,5034%
2021-09-06;80,6736%;69,2502%;70,6097%;82,0453%;74,3106%;75,4151%;93,7862%;90,2477%;90,8834%;97,9413%;96,1859%;96,5800%;97,0741%;93,7725%;95,5114%
2021-09-07;80,8284%;69,5498%;70,9129%;82,1465%;74,5181%;75,6198%;93,8250%;90,3363%;90,9686%;97,9566%;96,2165%;96,6100%;97,0849%;93,8005%;95,5392%
2021-09-08;81,0295%;69,8941%;71,2582%;82,2804%;74,7651%;75,8653%;93,8816%;90,4480%;91,0759%;97,9761%;96,2591%;96,6514%;97,1026%;93,8410%;95,5762%
2021-09-09;81,2252%;70,2673%;71,6299%;82,4195%;75,0337%;76,1296%;93,9441%;90,5689%;91,1935%;97,9999%;96,3021%;96,6929%;97,1217%;93,8798%;95,6102%
2021-09-10;81,4039%;70,6450%;72,0130%;82,5678%;75,3090%;76,4002%;94,0088%;90,6910%;91,3117%;98,0198%;96,3369%;96,7260%;97,1423%;93,9177%;95,6449%
2021-09-11;81,5587%;71,0057%;72,3749%;82,6717%;75,5711%;76,6577%;94,0547%;90,8009%;91,4177%;98,0333%;96,3682%;96,7576%;97,1513%;93,9405%;95,6663%
2021-09-12;81,6564%;71,2224%;72,5946%;82,7394%;75,7093%;76,7943%;94,0830%;90,8598%;91,4751%;98,0418%;96,3836%;96,7734%;97,1570%;93,9547%;95,6808%
2021-09-13;81,7785%;71,4212%;72,7969%;82,8266%;75,8493%;76,9346%;94,1168%;90,9144%;91,5281%;98,0526%;96,4042%;96,7934%;97,1669%;93,9717%;95,6968%
2021-09-14;81,9096%;71,6292%;73,0099%;82,9160%;75,9960%;77,0823%;94,1534%;90,9762%;91,5882%;98,0668%;96,4272%;96,8150%;97,1816%;93,9959%;95,7184%
2021-09-15;82,0663%;71,9273%;73,3110%;83,0247%;76,1878%;77,2734%;94,2004%;91,0639%;91,6744%;98,0850%;96,4664%;96,8532%;97,2021%;94,0308%;95,7492%
2021-09-16;82,2386%;72,2236%;73,6091%;83,1555%;76,4146%;77,4993%;94,2550%;91,1641%;91,7732%;98,1084%;96,5098%;96,8953%;97,2241%;94,0751%;95,7908%
2021-09-17;82,4006%;72,5415%;73,9321%;83,2843%;76,6437%;77,7276%;94,3079%;91,2601%;91,8684%;98,1258%;96,5429%;96,9261%;97,2407%;94,1082%;95,8191%
2021-09-18;82,5295%;72,8295%;74,2249%;83,3777%;76,8463%;77,9274%;94,3499%;91,3433%;91,9497%;98,1381%;96,5649%;96,9475%;97,2519%;94,1266%;95,8359%
2021-09-19;82,5946%;72,9644%;74,3607%;83,4266%;76,9316%;78,0132%;94,3693%;91,3767%;91,9821%;98,1432%;96,5749%;96,9577%;97,2565%;94,1330%;95,8418%
2021-09-20;82,6841%;73,1214%;74,5238%;83,4901%;77,0352%;78,1167%;94,3945%;91,4181%;92,0224%;98,1514%;96,5916%;96,9742%;97,2630%;94,1480%;95,8549%
2021-09-21;82,7858%;73,2963%;74,7037%;83,5597%;77,1502%;78,2318%;94,4228%;91,4655%;92,0682%;98,1651%;96,6112%;96,9924%;97,2733%;94,1661%;95,8708%
2021-09-22;82,9035%;73,5436%;74,9530%;83,6463%;77,3145%;78,3953%;94,4586%;91,5360%;92,1371%;98,1784%;96,6427%;97,0235%;97,2873%;94,2020%;95,8990%
2021-09-23;83,0224%;73,8343%;75,2490%;83,7369%;77,5112%;78,5906%;94,4959%;91,6210%;92,2209%;98,1923%;96,6781%;97,0580%;97,3023%;94,2332%;95,9294%
2021-09-24;83,1481%;74,1117%;75,5332%;83,8316%;77,7110%;78,7891%;94,5330%;91,7000%;92,2984%;98,2053%;96,7023%;97,0818%;97,3147%;94,2601%;95,9542%
2021-09-25;83,2390%;74,3696%;75,7936%;83,9029%;77,8866%;78,9643%;94,5627%;91,7728%;92,3699%;98,2132%;96,7270%;97,1065%;97,3218%;94,2778%;95,9714%
2021-09-26;83,2960%;74,4904%;75,9190%;83,9418%;77,9658%;79,0436%;94,5762%;91,8012%;92,3974%;98,2184%;96,7357%;97,1153%;97,3255%;94,2865%;95,9795%
2021-09-27;83,3541%;74,6016%;76,0327%;83,9869%;78,0371%;79,1155%;94,5952%;91,8285%;92,4254%;98,2257%;96,7483%;97,1276%;97,3328%;94,2989%;95,9910%
2021-09-28;83,4329%;74,7702%;76,2046%;84,0467%;78,1461%;79,2245%;94,6187%;91,8761%;92,4729%;98,2342%;96,7654%;97,1453%;97,3420%;94,3152%;96,0059%
2021-09-29;83,5338%;75,0058%;76,4418%;84,1240%;78,3004%;79,3776%;94,6473%;91,9324%;92,5285%;98,2499%;96,7875%;97,1669%;97,3549%;94,3423%;96,0305%
2021-09-30;83,6519%;75,2891%;76,7289%;84,2143%;78,4971%;79,5752%;94,6823%;92,0086%;92,6044%;98,2652%;96,8186%;97,1977%;97,3671%;94,3679%;96,0539%
2021-10-01;83,7626%;75,5403%;76,9864%;84,2991%;78,6621%;79,7414%;94,7157%;92,0704%;92,6654%;98,2788%;96,8428%;97,2211%;97,3758%;94,3911%;96,0741%
2021-10-02;83,8455%;75,7605%;77,2097%;84,3641%;78,8069%;79,8869%;94,7426%;92,1331%;92,7283%;98,2853%;96,8621%;97,2398%;97,3857%;94,4028%;96,0847%
2021-10-03;83,8881%;75,8743%;77,3246%;84,3925%;78,8723%;79,9517%;94,7538%;92,1572%;92,7521%;98,2877%;96,8685%;97,2461%;97,3887%;94,4078%;96,0891%
2021-10-04;83,9458%;75,9898%;77,4427%;84,4349%;78,9397%;80,0197%;94,7703%;92,1797%;92,7748%;98,2934%;96,8776%;97,2556%;97,3942%;94,4156%;96,0969%
2021-10-05;84,0203%;76,1318%;77,5883%;84,4896%;79,0335%;80,1149%;94,7921%;92,2174%;92,8122%;98,3031%;96,8935%;97,2720%;97,4013%;94,4329%;96,1114%
2021-10-06;84,1179%;76,3344%;77,7941%;84,5595%;79,1771%;80,2582%;94,8182%;92,2772%;92,8725%;98,3129%;96,9173%;97,2960%;97,4100%;94,4506%;96,1286%
2021-10-07;84,2304%;76,5845%;78,0499%;84,6500%;79,3572%;80,4399%;94,8560%;92,3540%;92,9491%;98,3281%;96,9461%;97,3241%;97,4220%;94,4873%;96,1571%
2021-10-08;84,3335%;76,8108%;78,2831%;84,7332%;79,5369%;80,6208%;94,8905%;92,4303%;93,0256%;98,3412%;96,9697%;97,3474%;97,4371%;94,5138%;96,1773%
2021-10-09;84,4124%;77,0124%;78,4902%;84,7963%;79,6784%;80,7633%;94,9193%;92,4940%;93,0892%;98,3497%;96,9874%;97,3656%;97,4424%;94,5296%;96,1922%
2021-10-10;84,4585%;77,1018%;78,5840%;84,8288%;79,7430%;80,8281%;94,9311%;92,5211%;93,1159%;98,3534%;96,9964%;97,3747%;97,4443%;94,5363%;96,1987%
2021-10-11;84,4952%;77,1778%;78,6632%;84,8564%;79,7954%;80,8803%;94,9418%;92,5428%;93,1375%;98,3580%;97,0031%;97,3816%;97,4452%;94,5427%;96,2053%
2021-10-12;84,5701%;77,3187%;78,8072%;84,9120%;79,8947%;80,9798%;94,9648%;92,5816%;93,1763%;98,3655%;97,0175%;97,3957%;97,4530%;94,5574%;96,2191%
2021-10-13;84,6568%;77,4944%;78,9857%;84,9819%;80,0174%;81,1050%;94,9935%;92,6337%;93,2280%;98,3753%;97,0398%;97,4178%;97,4629%;94,5845%;96,2435%
2021-10-14;84,7551%;77,6749%;79,1694%;85,0551%;80,1460%;81,2356%;95,0247%;92,6907%;93,2848%;98,3889%;97,0647%;97,4428%;97,4705%;94,6077%;96,2655%
2021-10-15;84,8489%;77,8589%;79,3582%;85,1303%;80,2851%;81,3758%;95,0554%;92,7488%;93,3415%;98,3985%;97,0944%;97,4684%;97,4815%;94,6645%;96,2913%
2021-10-16;84,9397%;78,0294%;79,5325%;85,1958%;80,4143%;81,5062%;95,0841%;92,8028%;93,3955%;98,4065%;97,1122%;97,4865%;97,4861%;94,6836%;96,3090%
2021-10-17;84,9830%;78,0999%;79,6068%;85,2258%;80,4657%;81,5590%;95,0963%;92,8213%;93,4145%;98,4092%;97,1185%;97,4928%;97,4881%;94,6923%;96,3168%
2021-10-18;85,0293%;78,1758%;79,6826%;85,2558%;80,5188%;81,6119%;95,1075%;92,8448%;93,4368%;98,4153%;97,1339%;97,5019%;97,4934%;94,7486%;96,3322%
2021-10-19;85,0910%;78,2752%;79,7838%;85,3008%;80,5860%;81,6802%;95,1241%;92,8743%;93,4660%;98,4218%;97,1591%;97,5162%;97,5026%;94,8329%;96,3510%
2021-10-20;85,1775%;78,4169%;79,9304%;85,3605%;80,6811%;81,7767%;95,1491%;92,9152%;93,5065%;98,4337%;97,1888%;97,5369%;97,5178%;94,9333%;96,3850%
2021-10-21;85,2696%;78,5613%;80,0825%;85,4295%;80,7823%;81,8804%;95,1782%;92,9626%;93,5523%;98,4458%;97,2154%;97,5556%;97,5316%;95,0119%;96,4101%
2021-10-22;85,3543%;78,7075%;80,2325%;85,4934%;80,8858%;81,9855%;95,2036%;93,0062%;93,5938%;98,4551%;97,2410%;97,5724%;97,5419%;95,1034%;96,4319%
2021-10-23;85,4287%;78,8349%;80,3638%;85,5525%;80,9820%;82,0817%;95,2285%;93,0466%;93,6344%;98,4623%;97,2554%;97,5875%;97,5460%;95,1190%;96,4468%
2021-10-24;85,4627%;78,8941%;80,4245%;85,5770%;81,0226%;82,1226%;95,2377%;93,0614%;93,6490%;98,4648%;97,2617%;97,5938%;97,5488%;95,1240%;96,4514%
2021-10-25;85,5066%;78,9558%;80,4888%;85,6071%;81,0652%;82,1664%;95,2473%;93,0812%;93,6672%;98,4695%;97,2803%;97,6055%;97,5568%;95,2045%;96,4705%
2021-10-26;85,5644%;79,0421%;80,5775%;85,6473%;81,1253%;82,2278%;95,2628%;93,1085%;93,6928%;98,4770%;97,3063%;97,6202%;97,5667%;95,3090%;96,4909%
2021-10-27;85,6382%;79,1548%;80,6983%;85,6964%;81,2062%;82,3093%;95,2815%;93,1405%;93,7254%;98,4860%;97,3336%;97,6417%;97,5807%;95,3878%;96,5169%
2021-10-28;85,7168%;79,2817%;80,8268%;85,7503%;81,2987%;82,4035%;95,3011%;93,1790%;93,7622%;98,4925%;97,3611%;97,6614%;97,5899%;95,4754%;96,5429%
2021-10-29;85,7856%;79,4066%;80,9539%;85,8043%;81,3916%;82,4978%;95,3199%;93,2214%;93,8034%;98,4981%;97,3869%;97,6800%;97,6010%;95,5351%;96,5603%
2021-10-30;85,8443%;79,5124%;81,0634%;85,8524%;81,4757%;82,5828%;95,3383%;93,2574%;93,8391%;98,5052%;97,3976%;97,6921%;97,6062%;95,5505%;96,5725%
2021-10-31;85,8686%;79,5608%;81,1127%;85,8703%;81,5060%;82,6136%;95,3453%;93,2695%;93,8517%;98,5081%;97,4004%;97,6949%;97,6069%;95,5581%;96,5780%
2021-11-01;85,9031%;79,6125%;81,1646%;85,8929%;81,5425%;82,6507%;95,3543%;93,2851%;93,8661%;98,5119%;97,4164%;97,7022%;97,6173%;95,6474%;96,5992%
2021-11-02;85,9481%;79,6748%;81,2318%;85,9262%;81,5866%;82,6957%;95,3653%;93,3020%;93,8824%;98,5172%;97,4331%;97,7124%;97,6299%;95,7118%;96,6185%
2021-11-03;86,0122%;79,7680%;81,3264%;85,9690%;81,6495%;82,7595%;95,3797%;93,3274%;93,9069%;98,5231%;97,4526%;97,7251%;97,6414%;95,7842%;96,6394%
2021-11-04;86,0911%;79,8880%;81,4485%;86,0207%;81,7339%;82,8442%;95,3969%;93,3634%;93,9419%;98,5305%;97,4757%;97,7415%;97,6497%;95,8473%;96,6594%
2021-11-05;86,1603%;79,9962%;81,5609%;86,0694%;81,8155%;82,9248%;95,4127%;93,3943%;93,9722%;98,5350%;97,4893%;97,7536%;97,6582%;95,8979%;96,6794%
2021-11-06;86,2276%;80,0877%;81,6552%;86,1132%;81,8849%;82,9946%;95,4271%;93,4228%;93,9997%;98,5399%;97,4976%;97,7624%;97,6609%;95,9126%;96,6867%
2021-11-07;86,2690%;80,1382%;81,7072%;86,1377%;81,9215%;83,0328%;95,4351%;93,4351%;94,0117%;98,5424%;97,5024%;97,7674%;97,6625%;95,9165%;96,6899%
2021-11-08;86,3078%;80,1866%;81,7576%;86,1590%;81,9532%;83,0648%;95,4433%;93,4472%;94,0233%;98,5455%;97,5132%;97,7741%;97,6697%;95,9599%;96,6998%
2021-11-09;86,3508%;80,2483%;81,8214%;86,1846%;81,9963%;83,1080%;95,4514%;93,4669%;94,0422%;98,5499%;97,5288%;97,7834%;97,6795%;96,0332%;96,7186%
2021-11-10;86,4173%;80,3508%;81,9264%;86,2243%;82,0676%;83,1799%;95,4658%;93,4944%;94,0703%;98,5552%;97,5468%;97,7988%;97,6867%;96,0891%;96,7384%
2021-11-11;86,4893%;80,4593%;82,0372%;86,2665%;82,1445%;83,2562%;95,4810%;93,5266%;94,1004%;98,5622%;97,5684%;97,8146%;97,6959%;96,1378%;96,7554%
2021-11-12;86,5455%;80,5606%;82,1403%;86,3101%;82,2151%;83,3274%;95,4937%;93,5542%;94,1273%;98,5672%;97,5819%;97,8235%;97,7023%;96,1987%;96,7694%
2021-11-13;86,5997%;80,6646%;82,2451%;86,3468%;82,2878%;83,4007%;95,5081%;93,5849%;94,1582%;98,5705%;97,5908%;97,8332%;97,7057%;96,2053%;96,7745%
2021-11-14;86,6344%;80,7147%;82,2982%;86,3692%;82,3237%;83,4371%;95,5149%;93,6003%;94,1736%;98,5720%;97,5946%;97,8377%;97,7080%;96,2088%;96,7779%
2021-11-15;86,6722%;80,7668%;82,3522%;86,3928%;82,3597%;83,4737%;95,5226%;93,6160%;94,1886%;98,5757%;97,6066%;97,8443%;97,7124%;96,2462%;96,7883%
2021-11-16;86,7146%;80,8300%;82,4178%;86,4185%;82,3972%;83,5115%;95,5311%;93,6307%;94,2025%;98,5794%;97,6139%;97,8498%;97,7184%;96,2747%;96,7970%
2021-11-17;86,7734%;80,9163%;82,5066%;86,4574%;82,4525%;83,5667%;95,5441%;93,6532%;94,2247%;98,5853%;97,6273%;97,8601%;97,7257%;96,3168%;96,8083%
2021-11-18;86,8347%;81,0083%;82,6018%;86,4997%;82,5249%;83,6397%;95,5598%;93,6821%;94,2532%;98,5910%;97,6408%;97,8716%;97,7322%;96,3485%;96,8207%
2021-11-19;86,8876%;81,1003%;82,6966%;86,5380%;82,5911%;83,7061%;95,5727%;93,7060%;94,2766%;98,5955%;97,6536%;97,8816%;97,7391%;96,3655%;96,8280%
2021-11-20;86,9443%;81,1845%;82,7827%;86,5770%;82,6591%;83,7752%;95,5857%;93,7324%;94,3027%;98,6003%;97,6611%;97,8889%;97,7416%;96,3733%;96,8331%
2021-11-21;86,9767%;81,2303%;82,8302%;86,5960%;82,6898%;83,8059%;95,5923%;93,7459%;94,3166%;98,6021%;97,6651%;97,8917%;97,7432%;96,3779%;96,8370%
2021-11-22;87,0116%;81,2805%;82,8822%;86,6193%;82,7236%;83,8404%;95,6006%;93,7588%;94,3292%;98,6049%;97,6723%;97,8968%;97,7462%;96,3882%;96,8423%
2021-11-23;87,0581%;81,3371%;82,9404%;86,6476%;82,7601%;83,8777%;95,6102%;93,7721%;94,3424%;98,6097%;97,6797%;97,9027%;97,7501%;96,3937%;96,8455%
2021-11-24;87,1054%;81,4114%;83,0176%;86,6782%;82,8087%;83,9264%;95,6234%;93,7932%;94,3631%;98,6151%;97,6912%;97,9118%;97,7524%;96,4156%;96,8558%
2021-11-25;87,1668%;81,5061%;83,1141%;86,7197%;82,8769%;83,9950%;95,6372%;93,8187%;94,3883%;98,6192%;97,7017%;97,9197%;97,7563%;96,4323%;96,8643%
2021-11-26;87,2165%;81,5864%;83,1939%;86,7561%;82,9341%;84,0514%;95,6504%;93,8390%;94,4078%;98,6250%;97,7112%;97,9268%;97,7613%;96,4512%;96,8705%
2021-11-27;87,2514%;81,6422%;83,2501%;86,7781%;82,9743%;84,0912%;95,6587%;93,8540%;94,4225%;98,6269%;97,7171%;97,9319%;97,7632%;96,4562%;96,8753%
2021-11-28;87,2743%;81,6724%;83,2822%;86,7916%;82,9972%;84,1144%;95,6643%;93,8629%;94,4311%;98,6286%;97,7204%;97,9353%;97,7646%;96,4574%;96,8765%
2021-11-29;87,3088%;81,7138%;83,3246%;86,8139%;83,0269%;84,1442%;95,6736%;93,8745%;94,4424%;98,6315%;97,7284%;97,9393%;97,7680%;96,4785%;96,8820%
2021-11-30;87,3477%;81,7604%;83,3716%;86,8383%;83,0589%;84,1753%;95,6827%;93,8860%;94,4535%;98,6356%;97,7364%;97,9444%;97,7742%;96,4928%;96,8912%
2021-12-01;87,3976%;81,8173%;83,4287%;86,8735%;83,0965%;84,2135%;95,6939%;93,8981%;94,4657%;98,6407%;97,7466%;97,9509%;97,7777%;96,5029%;96,8956%
2021-12-02;87,4485%;81,8830%;83,4959%;86,9082%;83,1390%;84,2558%;95,7057%;93,9118%;94,4796%;98,6444%;97,7522%;97,9548%;97,7811%;96,5095%;96,8997%
2021-12-03;87,4870%;81,9398%;83,5526%;86,9358%;83,1798%;84,2973%;95,7155%;93,9265%;94,4934%;98,6486%;97,7589%;97,9579%;97,7852%;96,5169%;96,9052%
2021-12-04;87,5182%;81,9885%;83,6009%;86,9583%;83,2142%;84,3299%;95,7232%;93,9374%;94,5040%;98,6500%;97,7637%;97,9615%;97,7885%;96,5210%;96,9077%
2021-12-05;87,5438%;82,0199%;83,6337%;86,9754%;83,2326%;84,3497%;95,7283%;93,9439%;94,5102%;98,6511%;97,7666%;97,9634%;97,7894%;96,5226%;96,9089%
2021-12-06;87,5719%;82,0609%;83,6741%;86,9958%;83,2566%;84,3736%;95,7351%;93,9529%;94,5187%;98,6547%;97,7703%;97,9657%;97,7914%;96,5259%;96,9107%
2021-12-07;87,6036%;82,1006%;83,7140%;87,0181%;83,2824%;84,3994%;95,7423%;93,9633%;94,5282%;98,6572%;97,7750%;97,9696%;97,7933%;96,5330%;96,9165%
2021-12-08;87,6506%;82,1592%;83,7738%;87,0475%;83,3194%;84,4357%;95,7533%;93,9759%;94,5406%;98,6622%;97,7817%;97,9764%;97,7983%;96,5436%;96,9227%
2021-12-09;87,7004%;82,2262%;83,8425%;87,0809%;83,3583%;84,4753%;95,7645%;93,9890%;94,5530%;98,6668%;97,7894%;97,9822%;97,8018%;96,5498%;96,9266%
2021-12-10;87,7329%;82,2835%;83,8999%;87,1081%;83,3972%;84,5149%;95,7737%;94,0040%;94,5673%;98,6703%;97,7960%;97,9868%;97,8066%;96,5560%;96,9307%
2021-12-11;87,7656%;82,3315%;83,9479%;87,1313%;83,4248%;84,5424%;95,7823%;94,0147%;94,5784%;98,6729%;97,8001%;97,9897%;97,8078%;96,5592%;96,9321%
2021-12-12;87,7899%;82,3612%;83,9779%;87,1475%;83,4441%;84,5613%;95,7879%;94,0206%;94,5841%;98,6753%;97,8015%;97,9915%;97,8098%;96,5619%;96,9337%
2021-12-13;87,8162%;82,4034%;84,0201%;87,1642%;83,4667%;84,5836%;95,7939%;94,0296%;94,5923%;98,6785%;97,8062%;97,9949%;97,8124%;96,5688%;96,9381%
2021-12-14;87,8457%;82,4479%;84,0640%;87,1846%;83,4917%;84,6080%;95,8031%;94,0388%;94,6013%;98,6814%;97,8118%;97,9993%;97,8165%;96,5762%;96,9436%
2021-12-15;87,8805%;82,5031%;84,1183%;87,2095%;83,5257%;84,6399%;95,8126%;94,0523%;94,6140%;98,6852%;97,8193%;98,0044%;97,8206%;96,5897%;96,9507%
2021-12-16;87,9239%;82,5614%;84,1760%;87,2400%;83,5649%;84,6771%;95,8236%;94,0693%;94,6286%;98,6906%;97,8317%;98,0133%;97,8257%;96,6031%;96,9594%
2021-12-17;87,9542%;82,6017%;84,2157%;87,2630%;83,5966%;84,7064%;95,8330%;94,0833%;94,6400%;98,6954%;97,8418%;98,0191%;97,8326%;96,6164%;96,9677%
2021-12-18;87,9816%;82,6385%;84,2514%;87,2848%;83,6229%;84,7301%;95,8413%;94,0939%;94,6489%;98,6995%;97,8474%;98,0224%;97,8356%;96,6214%;96,9702%
2021-12-19;88,0025%;82,6680%;84,2790%;87,3000%;83,6443%;84,7490%;95,8479%;94,1016%;94,6547%;98,7031%;97,8505%;98,0250%;97,8381%;96,6242%;96,9723%
2021-12-20;88,0316%;82,7092%;84,3170%;87,3207%;83,6738%;84,7738%;95,8563%;94,1164%;94,6657%;98,7073%;97,8577%;98,0291%;97,8436%;96,6403%;96,9803%
2021-12-21;88,0611%;82,7572%;84,3602%;87,3437%;83,7051%;84,8010%;95,8655%;94,1304%;94,6750%;98,7133%;97,8663%;98,0347%;97,8507%;96,6575%;96,9882%
2021-12-22;88,0911%;82,8002%;84,3991%;87,3666%;83,7429%;84,8306%;95,8762%;94,1494%;94,6885%;98,7211%;97,8759%;98,0413%;97,8622%;96,6839%;97,0033%
2021-12-23;88,1205%;82,8363%;84,4323%;87,3913%;83,7718%;84,8565%;95,8890%;94,1644%;94,7001%;98,7283%;97,8834%;98,0465%;97,8682%;96,6980%;97,0130%
2021-12-24;88,1314%;82,8489%;84,4445%;87,4001%;83,7805%;84,8652%;95,8937%;94,1691%;94,7039%;98,7307%;97,8871%;98,0493%;97,8693%;96,7005%;97,0148%
2021-12-25;88,1315%;82,8492%;84,4448%;87,4002%;83,7806%;84,8654%;95,8939%;94,1691%;94,7039%;98,7307%;97,8871%;98,0493%;97,8693%;96,7005%;97,0148%
2021-12-26;88,1376%;82,8612%;84,4554%;87,4066%;83,7888%;84,8732%;95,8969%;94,1726%;94,7068%;98,7320%;97,8885%;98,0506%;97,8703%;96,7019%;97,0162%
2021-12-27;88,1574%;82,8870%;84,4789%;87,4229%;83,8088%;84,8915%;95,9053%;94,1824%;94,7143%;98,7368%;97,8933%;98,0538%;97,8748%;96,7055%;97,0185%
2021-12-28;88,1785%;82,9214%;84,5108%;87,4403%;83,8346%;84,9140%;95,9143%;94,1955%;94,7240%;98,7424%;97,8988%;98,0577%;97,8794%;96,7147%;97,0231%
2021-12-29;88,2045%;82,9616%;84,5499%;87,4607%;83,8686%;84,9446%;95,9259%;94,2146%;94,7373%;98,7489%;97,9076%;98,0642%;97,8875%;96,7251%;97,0316%
2021-12-30;88,2316%;83,0042%;84,5885%;87,4850%;83,9053%;84,9759%;95,9386%;94,2310%;94,7492%;98,7563%;97,9147%;98,0702%;97,8912%;96,7340%;97,0383%
2021-12-31;88,2412%;83,0167%;84,5996%;87,4945%;83,9151%;84,9846%;95,9437%;94,2363%;94,7526%;98,7573%;97,9169%;98,0717%;97,8925%;96,7350%;97,0389%
2022-01-01;88,2412%;83,0168%;84,5997%;87,4947%;83,9153%;84,9848%;95,9438%;94,2363%;94,7527%;98,7574%;97,9169%;98,0717%;97,8925%;96,7350%;97,0389%
2022-01-02;88,2477%;83,0283%;84,6100%;87,5003%;83,9241%;84,9929%;95,9459%;94,2404%;94,7558%;98,7590%;97,9179%;98,0730%;97,8932%;96,7361%;97,0401%
2022-01-03;88,2718%;83,0578%;84,6378%;87,5221%;83,9530%;85,0178%;95,9564%;94,2559%;94,7671%;98,7634%;97,9252%;98,0776%;97,8974%;96,7414%;97,0433%
2022-01-04;88,3028%;83,0905%;84,6654%;87,5457%;83,9815%;85,0417%;95,9713%;94,2723%;94,7779%;98,7688%;97,9332%;98,0826%;97,9038%;96,7485%;97,0479%
2022-01-05;88,3360%;83,1317%;84,7008%;87,5759%;84,0189%;85,0742%;95,9869%;94,2938%;94,7926%;98,7776%;97,9445%;98,0902%;97,9091%;96,7559%;97,0525%
2022-01-06;88,3702%;83,1890%;84,7537%;87,6053%;84,0655%;85,1154%;96,0040%;94,3222%;94,8131%;98,7866%;97,9542%;98,0976%;97,9160%;96,7644%;97,0592%
2022-01-07;88,4067%;83,2300%;84,7909%;87,6419%;84,1035%;85,1491%;96,0235%;94,3451%;94,8280%;98,7954%;97,9620%;98,1027%;97,9226%;96,7724%;97,0638%
2022-01-08;88,4373%;83,2639%;84,8220%;87,6719%;84,1343%;85,1776%;96,0419%;94,3634%;94,8413%;98,8019%;97,9685%;98,1083%;97,9272%;96,7770%;97,0665%
2022-01-09;88,4599%;83,2840%;84,8410%;87,6906%;84,1534%;85,1938%;96,0525%;94,3742%;94,8481%;98,8066%;97,9733%;98,1116%;97,9307%;96,7795%;97,0686%
2022-01-10;88,4936%;83,3138%;84,8679%;87,7190%;84,1779%;85,2148%;96,0718%;94,3899%;94,8565%;98,8151%;97,9792%;98,1151%;97,9373%;96,7890%;97,0748%
2022-01-11;88,5357%;83,3469%;84,8964%;87,7527%;84,2062%;85,2383%;96,0917%;94,4086%;94,8678%;98,8262%;97,9856%;98,1186%;97,9491%;96,7998%;97,0819%
2022-01-12;88,5936%;83,3840%;84,9316%;87,8022%;84,2420%;85,2688%;96,1232%;94,4311%;94,8820%;98,8453%;97,9942%;98,1247%;97,9610%;96,8101%;97,0909%
2022-01-13;88,6430%;83,4266%;84,9708%;87,8485%;84,2835%;85,3044%;96,1546%;94,4540%;94,8985%;98,8668%;98,0047%;98,1317%;97,9736%;96,8211%;97,0973%
2022-01-14;88,7063%;83,4778%;85,0185%;87,9048%;84,3304%;85,3453%;96,1903%;94,4788%;94,9165%;98,8849%;98,0142%;98,1395%;97,9879%;96,8319%;97,1058%
2022-01-15;88,7642%;83,5215%;85,0592%;87,9587%;84,3672%;85,3778%;96,2165%;94,4973%;94,9301%;98,8964%;98,0213%;98,1462%;97,9959%;96,8333%;97,1072%
2022-01-16;88,8053%;83,5496%;85,0851%;87,9878%;84,3893%;85,3967%;96,2334%;94,5092%;94,9383%;98,9052%;98,0258%;98,1493%;98,0015%;96,8358%;97,1088%
2022-01-17;88,8428%;83,5794%;85,1100%;88,0198%;84,4142%;85,4166%;96,2504%;94,5227%;94,9467%;98,9133%;98,0298%;98,1517%;98,0090%;96,8395%;97,1109%
2022-01-18;88,8904%;83,6209%;85,1479%;88,0609%;84,4486%;85,4457%;96,2750%;94,5432%;94,9604%;98,9286%;98,0371%;98,1572%;98,0226%;96,8462%;97,1150%
2022-01-19;88,9366%;83,6619%;85,1841%;88,1017%;84,4816%;85,4744%;96,3011%;94,5602%;94,9733%;98,9422%;98,0463%;98,1637%;98,0332%;96,8558%;97,1214%
2022-01-20;88,9805%;83,7166%;85,2329%;88,1406%;84,5299%;85,5162%;96,3252%;94,5853%;94,9916%;98,9561%;98,0563%;98,1725%;98,0437%;96,8668%;97,1283%
2022-01-21;89,0229%;83,7591%;85,2701%;88,1754%;84,5709%;85,5514%;96,3456%;94,6065%;95,0067%;98,9660%;98,0643%;98,1797%;98,0529%;96,8742%;97,1336%
2022-01-22;89,0530%;83,7912%;85,2984%;88,2015%;84,6013%;85,5772%;96,3581%;94,6196%;95,0167%;98,9719%;98,0689%;98,1834%;98,0594%;96,8767%;97,1368%
2022-01-23;89,0743%;83,8162%;85,3200%;88,2168%;84,6213%;85,5935%;96,3672%;94,6289%;95,0230%;98,9761%;98,0729%;98,1875%;98,0646%;96,8783%;97,1380%
2022-01-24;89,1060%;83,8560%;85,3534%;88,2451%;84,6559%;85,6212%;96,3861%;94,6472%;95,0368%;98,9851%;98,0783%;98,1931%;98,0747%;96,8845%;97,1428%
2022-01-25;89,1392%;83,8996%;85,3914%;88,2745%;84,6878%;85,6491%;96,4030%;94,6631%;95,0495%;98,9959%;98,0834%;98,1979%;98,0862%;96,8940%;97,1502%
2022-01-26;89,1795%;83,9557%;85,4389%;88,3053%;84,7327%;85,6870%;96,4195%;94,6852%;95,0663%;99,0052%;98,0922%;98,2043%;98,0966%;96,9027%;97,1568%
2022-01-27;89,2203%;84,0113%;85,4908%;88,3372%;84,7763%;85,7255%;96,4360%;94,7049%;95,0812%;99,0154%;98,0994%;98,2099%;98,1030%;96,9107%;97,1626%
2022-01-28;89,2518%;84,0590%;85,5331%;88,3665%;84,8138%;85,7573%;96,4498%;94,7215%;95,0945%;99,0224%;98,1053%;98,2149%;98,1111%;96,9188%;97,1695%
2022-01-29;89,2790%;84,0974%;85,5674%;88,3867%;84,8464%;85,7834%;96,4606%;94,7342%;95,1045%;99,0278%;98,1079%;98,2178%;98,1150%;96,9234%;97,1734%
2022-01-30;89,2950%;84,1242%;85,5919%;88,4009%;84,8647%;85,7998%;96,4665%;94,7411%;95,1100%;99,0301%;98,1098%;98,2193%;98,1161%;96,9266%;97,1763%
2022-01-31;89,3187%;84,1607%;85,6249%;88,4195%;84,8916%;85,8227%;96,4769%;94,7522%;95,1198%;99,0357%;98,1139%;98,2234%;98,1207%;96,9300%;97,1791%
2022-02-01;89,3437%;84,1941%;85,6557%;88,4381%;84,9177%;85,8459%;96,4865%;94,7657%;95,1303%;99,0420%;98,1177%;98,2280%;98,1274%;96,9344%;97,1825%
2022-02-02;89,3668%;84,2413%;85,6973%;88,4578%;84,9512%;85,8754%;96,4970%;94,7797%;95,1420%;99,0494%;98,1242%;98,2334%;98,1308%;96,9420%;97,1885%
2022-02-03;89,3927%;84,2910%;85,7432%;88,4767%;84,9904%;85,9113%;96,5069%;94,7972%;95,1565%;99,0562%;98,1303%;98,2382%;98,1354%;96,9491%;97,1922%
2022-02-04;89,4136%;84,3369%;85,7844%;88,4945%;85,0216%;85,9390%;96,5156%;94,8106%;95,1687%;99,0609%;98,1349%;98,2417%;98,1409%;96,9544%;97,1973%
2022-02-05;89,4326%;84,3760%;85,8213%;88,5077%;85,0497%;85,9636%;96,5214%;94,8219%;95,1779%;99,0634%;98,1378%;98,2440%;98,1441%;96,9569%;97,1993%
2022-02-06;89,4457%;84,4019%;85,8455%;88,5159%;85,0671%;85,9793%;96,5248%;94,8277%;95,1835%;99,0666%;98,1405%;98,2459%;98,1455%;96,9585%;97,2009%
2022-02-07;89,4642%;84,4347%;85,8748%;88,5285%;85,0897%;86,0003%;96,5309%;94,8381%;95,1924%;99,0707%;98,1461%;98,2508%;98,1492%;96,9636%;97,2051%
2022-02-08;89,4814%;84,4707%;85,9084%;88,5407%;85,1145%;86,0226%;96,5372%;94,8494%;95,2014%;99,0744%;98,1512%;98,2555%;98,1529%;96,9700%;97,2104%
2022-02-09;89,4983%;84,5062%;85,9415%;88,5526%;85,1392%;86,0451%;96,5436%;94,8601%;95,2109%;99,0786%;98,1567%;98,2601%;98,1575%;96,9776%;97,2143%
2022-02-10;89,5152%;84,5499%;85,9821%;88,5634%;85,1681%;86,0715%;96,5501%;94,8727%;95,2225%;99,0816%;98,1621%;98,2652%;98,1602%;96,9872%;97,2191%
2022-02-11;89,5341%;84,5870%;86,0173%;88,5753%;85,1992%;86,1007%;96,5566%;94,8867%;95,2341%;99,0844%;98,1668%;98,2691%;98,1650%;96,9928%;97,2234%
2022-02-12;89,5476%;84,6181%;86,0471%;88,5847%;85,2256%;86,1250%;96,5607%;94,8961%;95,2431%;99,0856%;98,1703%;98,2727%;98,1657%;96,9953%;97,2262%
2022-02-13;89,5555%;84,6404%;86,0672%;88,5892%;85,2428%;86,1405%;96,5630%;94,9026%;95,2488%;99,0867%;98,1727%;98,2752%;98,1662%;96,9967%;97,2274%
2022-02-14;89,5635%;84,6649%;86,0899%;88,5948%;85,2587%;86,1551%;96,5666%;94,9098%;95,2553%;99,0885%;98,1754%;98,2779%;98,1683%;97,0010%;97,2310%
2022-02-15;89,5715%;84,6905%;86,1130%;88,6010%;85,2771%;86,1721%;96,5691%;94,9189%;95,2632%;99,0907%;98,1788%;98,2811%;98,1726%;97,0084%;97,2372%
2022-02-16;89,5816%;84,7126%;86,1328%;88,6061%;85,2926%;86,1868%;96,5725%;94,9273%;95,2706%;99,0925%;98,1838%;98,2858%;98,1758%;97,0137%;97,2427%
2022-02-17;89,5906%;84,7375%;86,1558%;88,6119%;85,3099%;86,2035%;96,5752%;94,9368%;95,2802%;99,0936%;98,1893%;98,2907%;98,1788%;97,0196%;97,2476%
2022-02-18;89,5977%;84,7566%;86,1728%;88,6158%;85,3257%;86,2177%;96,5770%;94,9438%;95,2865%;99,0950%;98,1922%;98,2939%;98,1811%;97,0238%;97,2517%
2022-02-19;89,6024%;84,7718%;86,1867%;88,6194%;85,3374%;86,2285%;96,5786%;94,9489%;95,2910%;99,0954%;98,1933%;98,2952%;98,1818%;97,0240%;97,2522%
2022-02-20;89,6068%;84,7838%;86,1979%;88,6218%;85,3454%;86,2358%;96,5798%;94,9539%;95,2957%;99,0963%;98,1945%;98,2965%;98,1818%;97,0261%;97,2542%
2022-02-21;89,6128%;84,7980%;86,2103%;88,6254%;85,3576%;86,2469%;96,5821%;94,9604%;95,3018%;99,0974%;98,1980%;98,2998%;98,1827%;97,0295%;97,2577%
2022-02-22;89,6183%;84,8092%;86,2209%;88,6292%;85,3667%;86,2554%;96,5844%;94,9655%;95,3068%;99,0992%;98,2019%;98,3035%;98,1834%;97,0348%;97,2625%
2022-02-23;89,6227%;84,8244%;86,2355%;88,6324%;85,3784%;86,2661%;96,5861%;94,9717%;95,3126%;99,1001%;98,2063%;98,3070%;98,1846%;97,0383%;97,2648%
2022-02-24;89,6313%;84,8460%;86,2557%;88,6396%;85,3933%;86,2810%;96,5879%;94,9824%;95,3226%;99,1014%;98,2112%;98,3118%;98,1873%;97,0435%;97,2689%
2022-02-25;89,6367%;84,8657%;86,2727%;88,6428%;85,4110%;86,2966%;96,5899%;94,9908%;95,3297%;99,1029%;98,2133%;98,3139%;98,1885%;97,0463%;97,2710%
2022-02-26;89,6409%;84,8805%;86,2872%;88,6467%;85,4221%;86,3071%;96,5922%;94,9968%;95,3356%;99,1039%;98,2170%;98,3180%;98,1894%;97,0500%;97,2742%
2022-02-27;89,6444%;84,8918%;86,2973%;88,6481%;85,4301%;86,3139%;96,5932%;95,0006%;95,3388%;99,1047%;98,2185%;98,3193%;98,1899%;97,0532%;97,2774%
2022-02-28;89,6488%;84,9064%;86,3112%;88,6515%;85,4418%;86,3243%;96,5946%;95,0075%;95,3453%;99,1051%;98,2216%;98,3222%;98,1906%;97,0564%;97,2807%
2022-03-01;89,6523%;84,9188%;86,3228%;88,6541%;85,4534%;86,3352%;96,5956%;95,0126%;95,3504%;99,1060%;98,2250%;98,3259%;98,1912%;97,0610%;97,2855%
2022-03-02;89,6569%;84,9321%;86,3348%;88,6568%;85,4648%;86,3462%;96,5967%;95,0194%;95,3569%;99,1066%;98,2291%;98,3297%;98,1942%;97,0651%;97,2894%
2022-03-03;89,6598%;84,9512%;86,3519%;88,6595%;85,4772%;86,3581%;96,5984%;95,0282%;95,3652%;99,1076%;98,2343%;98,3348%;98,1961%;97,0713%;97,2956%
2022-03-04;89,6646%;84,9673%;86,3676%;88,6629%;85,4914%;86,3706%;96,5999%;95,0365%;95,3732%;99,1081%;98,2379%;98,3386%;98,1968%;97,0750%;97,2993%
2022-03-05;89,6687%;84,9811%;86,3805%;88,6652%;85,5044%;86,3828%;96,6014%;95,0459%;95,3820%;99,1089%;98,2431%;98,3440%;98,1974%;97,0785%;97,3027%
2022-03-06;89,6706%;84,9891%;86,3870%;88,6667%;85,5120%;86,3901%;96,6018%;95,0501%;95,3860%;99,1093%;98,2453%;98,3461%;98,1977%;97,0798%;97,3041%
2022-03-07;89,6728%;84,9989%;86,3959%;88,6685%;85,5203%;86,3977%;96,6027%;95,0564%;95,3920%;99,1099%;98,2483%;98,3491%;98,1991%;97,0831%;97,3071%
2022-03-08;89,6758%;85,0110%;86,4066%;88,6711%;85,5292%;86,4061%;96,6033%;95,0629%;95,3984%;99,1100%;98,2522%;98,3525%;98,2004%;97,0867%;97,3108%
